session_id,revenue
283149,1
253020,1
348435,0
299763,1
195120,1
472120,1
170814,0
465814,1
371639,0
417687,0
164588,1
253171,1
232771,1
373889,0
285994,1
151601,0
361427,0
314662,1
180901,1
443403,0
252272,0
441764,1
321688,0
322102,1
442337,1
307422,0
323912,1
373432,0
484621,0
145706,1
337797,1
200052,1
233738,0
320985,0
267057,1
214331,0
330813,1
172813,1
449812,1
441921,1
299313,0
141776,1
228341,1
443058,1
322052,0
455537,0
253459,1
243019,1
175052,0
252759,1
126854,1
309390,1
448735,0
494666,0
255082,1
269543,1
140702,0
443799,0
150610,1
214028,1
322923,1
227217,1
317120,0
363905,1
161160,1
285379,0
394744,0
263502,1
468072,0
165919,0
133061,1
352726,0
193194,0
395696,1
431106,0
432852,0
416669,1
227722,0
155817,0
384991,0
445752,1
217700,0
372034,1
454328,0
295054,0
262692,1
444924,1
320902,0
157433,0
289361,0
211742,0
235064,1
472527,0
325626,0
466396,1
165050,1
284262,0
472654,1
450653,1
302535,0
263323,1
169506,1
323241,1
417920,1
349376,0
225005,0
373944,1
419625,0
157617,1
316083,1
145638,1
284718,1
301599,1
433924,1
254605,1
469591,1
305388,0
299721,0
192483,1
487714,0
353887,1
463409,0
457151,1
419017,1
168081,0
330731,0
226340,0
472334,1
465493,1
195277,1
247008,0
308399,1
432875,0
180960,0
401827,1
303377,1
274438,1
426866,1
477142,0
342776,1
149017,1
187277,1
358105,1
182458,0
490582,1
490761,0
202481,0
346268,1
167814,0
466355,0
371291,0
255130,0
327017,1
422389,0
179001,1
124006,1
302597,0
420716,0
276207,1
230968,0
313466,1
287138,1
210906,1
453380,1
190366,0
377154,1
147018,1
382285,1
240022,0
385197,1
325413,0
349709,1
306750,0
475611,1
348542,1
251090,0
291541,0
252041,0
433008,0
383956,1
369380,1
367077,0
369153,0
265310,1
161688,1
343723,0
474460,0
257384,0
484405,1
316183,1
237326,1
153412,1
304960,1
495328,0
305738,1
309167,1
463573,1
285082,1
327899,0
158135,1
194595,0
330802,0
469425,0
310991,1
366573,0
156242,0
310127,0
169905,0
366084,0
398815,1
171090,0
172368,1
452443,1
150872,1
245377,1
485061,1
400287,1
296764,0
235305,0
154102,0
235403,0
177128,0
218363,1
294432,1
288302,1
367064,0
147934,0
401080,1
184476,1
430965,0
444138,1
471365,0
488380,0
162956,0
377931,0
429735,0
227866,1
327585,1
172452,1
193722,0
388800,0
336711,0
410056,0
143385,1
335825,1
376839,0
280506,1
335411,1
325879,0
372026,0
259846,0
335666,0
403743,1
246272,1
322376,0
219134,0
233264,0
191818,1
261038,1
304263,0
421600,1
233029,0
140206,1
389707,1
291818,0
134804,0
233464,0
479639,0
251112,1
171843,1
188148,0
206939,0
454589,0
411460,1
478086,0
497619,0
141499,0
273850,1
455194,1
468684,1
196136,0
295260,1
420245,1
233402,0
329806,0
444729,1
498764,0
379656,1
410630,1
141891,1
456950,0
154855,1
295307,1
207721,0
316907,1
431439,1
242870,1
410854,0
192989,0
204432,1
357403,1
493902,0
189625,0
188431,0
425540,1
434599,0
203929,1
450141,0
416764,0
485031,0
275658,1
254978,0
272344,0
282161,0
335747,1
253617,0
326398,1
231343,1
418334,0
220855,0
245103,1
481912,0
153005,1
459305,1
362007,1
220524,1
292351,0
147228,0
191243,0
212986,0
431226,1
214492,1
275159,1
221182,1
469044,1
188890,1
262385,0
448382,1
440021,1
393656,0
465899,0
239116,0
410224,0
252322,0
375977,0
347799,1
366903,1
451485,0
263501,0
381167,0
289470,0
168667,0
263941,1
478346,0
472425,1
256476,0
260992,1
490127,0
386187,1
147011,1
238940,0
182286,0
202538,1
154358,1
218793,1
476085,1
244723,1
139749,0
178222,1
167370,1
225480,0
493185,0
425745,1
245565,0
177732,1
459301,1
289526,0
222675,1
460255,0
131067,1
299820,0
398369,1
181805,0
281555,0
262360,1
267870,1
306656,0
386859,1
380991,1
326920,1
461263,0
254504,0
218953,0
481248,0
354331,1
226209,1
409288,1
327206,1
129652,1
231587,0
401183,1
257102,0
258195,1
351361,0
167407,1
201519,1
222271,0
338487,0
324693,0
420371,1
404178,0
432283,0
269243,0
325657,0
417153,1
397872,1
364169,1
385460,1
134218,1
179307,0
386745,1
462325,1
186385,1
192007,1
398964,0
389808,0
154243,1
317919,0
379525,1
329597,0
222957,1
283597,0
259741,1
341585,0
444073,0
298022,1
342042,1
279576,0
345020,1
298039,0
142226,1
168908,0
174894,0
426028,0
228834,0
139291,0
247423,1
261886,0
257554,0
149392,1
356428,0
251434,1
206029,1
331286,1
342550,1
309522,1
316163,1
123669,1
282927,0
398779,1
138273,0
249386,1
235206,1
341654,1
365205,1
466998,1
204461,0
173333,0
439921,0
428800,1
300234,1
347800,1
299015,1
431555,0
341224,1
457740,1
207150,1
336547,1
238315,0
266358,1
419767,0
184420,0
215505,1
143585,0
238768,1
425772,1
329198,1
410746,0
298080,0
477009,0
485250,1
160229,0
221424,0
466323,1
301524,0
304713,0
390790,1
195745,0
353244,0
469507,1
388864,1
141623,1
155173,0
316670,0
271848,0
277305,1
232372,0
394813,1
211629,1
485852,0
431064,0
242898,0
327388,1
286914,1
471074,1
202634,0
459935,1
275572,1
300145,0
462165,0
480598,0
250510,1
175494,1
496952,0
266204,1
287948,0
152897,0
174042,0
409939,0
124698,0
469251,1
369612,0
211692,0
203666,1
224507,0
455021,0
327333,0
144424,0
289328,0
411055,1
271959,0
497593,1
410777,0
283682,1
159637,1
224601,1
139016,0
294358,0
249543,1
277811,1
287567,0
148118,0
275623,1
422219,1
371404,0
279216,1
160589,0
173227,1
453627,1
410577,0
306231,0
488647,1
446831,0
234484,1
379077,0
451349,0
351085,1
401284,1
257111,1
164647,0
274357,1
129722,0
376302,0
305386,1
227820,0
197642,1
342365,1
179731,1
230359,1
375669,0
328513,0
346500,1
260438,1
325012,1
486214,1
191748,0
335687,1
190186,0
211510,0
239535,0
257358,1
232794,0
178876,0
371925,1
205141,1
244265,1
177173,0
208776,1
158831,0
427664,0
443001,1
406530,1
225695,1
141865,0
149100,1
156191,0
169450,1
492550,0
435890,0
166527,1
394347,1
332419,0
181952,0
283174,0
224024,1
155606,0
342918,1
392723,0
328925,1
206899,0
150549,1
154630,1
498515,0
203755,1
215026,0
478376,0
473089,1
473467,1
405827,0
378710,0
303837,1
412188,0
426961,1
400436,0
184583,0
236585,0
378193,1
203045,0
461319,1
315457,0
313842,1
402890,1
147730,1
221378,1
202707,1
301755,0
455436,0
271423,0
326318,1
470638,0
351515,1
408201,1
331340,0
401443,0
463911,0
181336,1
341719,0
353119,1
419655,0
302245,0
358412,1
203631,1
213937,0
194774,0
498848,1
447491,1
325777,1
188628,1
370770,1
486401,1
422622,0
271728,1
471972,1
160180,1
315234,1
301526,0
299362,1
441906,0
178400,0
418838,0
193002,1
454380,0
272548,1
230348,1
179114,1
144117,1
385206,0
383796,0
215373,1
395048,0
337142,1
385015,0
230935,1
297206,0
330282,1
393285,0
441541,1
295565,0
165431,1
449907,1
451502,0
496134,1
413100,0
223024,1
418886,0
424438,0
411323,0
361512,0
174433,1
426011,0
191253,1
423553,1
169978,1
445388,1
315472,1
296442,0
408297,0
317011,1
348283,0
173908,1
438982,0
494601,1
256312,1
318781,0
286682,1
254074,0
149995,0
224905,1
313816,1
314482,0
293115,0
184280,1
498092,1
463859,0
156016,1
129261,0
267928,0
295132,0
126048,0
365656,0
383142,1
324975,0
279336,0
290406,0
270027,1
153668,0
254682,1
401942,0
314819,0
208261,0
290606,0
176752,0
391679,1
399137,1
149798,0
411333,1
148404,1
264097,1
246802,1
403453,0
154146,0
220267,1
356445,1
405564,1
472793,0
364258,0
186101,1
347506,0
354850,0
322737,0
192469,1
176205,0
458127,1
374534,0
176341,1
259469,0
328665,1
394833,0
318552,0
285106,1
460896,1
152487,1
492646,1
351644,0
185822,1
155657,1
145900,0
226860,1
308552,1
260295,1
471842,1
133166,1
287576,0
227815,0
367000,0
386639,0
338662,1
459071,1
327671,0
282563,1
404647,0
196630,1
256303,1
495203,1
478513,1
426002,1
456844,1
409996,0
356481,1
275728,0
330474,1
475923,1
369898,1
237906,1
280456,1
392988,0
139872,0
191061,1
331687,0
157351,0
368744,0
359925,1
328476,0
451897,1
148918,1
129294,0
479685,0
221460,1
452141,0
170755,1
310122,0
262201,0
258701,1
243393,1
394516,1
317870,1
141788,0
342350,1
172089,1
263930,1
339057,1
209977,1
377967,1
125360,1
205457,1
440855,1
301197,1
273967,1
271914,1
422756,0
209861,1
419901,0
223568,1
257463,1
392283,1
314109,0
226528,1
427182,0
392668,0
430071,0
385084,0
360398,1
283184,0
171650,1
459645,0
477942,0
247635,0
298488,1
272841,1
478331,0
215149,1
203731,0
346035,1
319485,0
310132,0
439270,1
161190,0
430488,1
306874,1
400045,0
452920,0
454365,1
209455,0
461110,0
352728,0
282872,1
274009,0
410684,0
166058,1
473406,0
204803,0
195104,0
488679,0
429051,0
289425,0
407418,0
394027,1
370614,0
209562,0
328641,1
457866,1
398279,0
229438,0
279481,1
282587,0
351695,0
141204,0
241668,1
366045,1
282514,1
482566,1
424066,1
493034,1
323371,1
346253,0
238795,0
491084,1
157495,1
188323,0
386466,1
403427,0
393663,0
337647,0
144239,0
167582,0
191450,1
351265,1
254097,1
324953,1
414142,1
257828,1
232528,0
452631,1
432885,0
224681,1
179956,1
273678,0
218040,0
430558,0
124595,1
274435,0
137882,0
336166,0
271391,1
210201,0
354085,0
265348,0
490837,0
438892,0
333174,1
222778,1
374533,0
134335,1
485995,1
471551,1
199274,1
405568,0
347102,1
386524,1
300547,0
214784,0
153222,0
173045,0
374873,0
305477,1
403435,1
175355,1
196553,1
301189,1
156770,1
425965,0
188392,0
447798,1
290970,1
409318,1
354678,0
171777,1
446477,1
367920,1
401505,1
145856,0
199365,0
221772,0
231869,0
229489,0
389813,0
212230,0
324325,0
408859,1
149730,1
263975,0
265577,1
411712,0
341756,1
141194,1
237277,0
204704,0
297654,0
211216,0
307296,0
285621,1
131526,1
280593,0
377732,0
353728,1
392193,0
417732,1
187428,0
193494,0
259644,1
293305,1
335254,1
197000,0
387466,0
483007,0
181020,0
167435,0
412558,0
222187,0
285405,0
191550,1
383587,0
377744,1
451301,0
454068,1
322140,0
268895,1
220242,0
249359,1
428988,1
154752,0
173665,0
380427,1
383705,0
175263,1
203805,0
385331,1
177680,0
295534,1
191066,1
398050,0
348732,0
356084,0
473785,0
274259,1
233328,1
263728,1
440972,0
466968,0
397134,0
242804,0
196684,0
224164,0
350440,0
210481,1
498821,1
291627,0
447211,1
448326,0
213527,0
492185,0
308201,1
227419,0
455841,1
167960,0
409334,1
422460,0
354059,0
328940,1
236021,1
369645,1
298675,1
359227,0
427450,0
248135,1
257763,1
459858,0
253032,1
188896,0
394596,1
483885,1
288215,0
432734,1
424584,0
399802,0
219982,1
443157,1
308291,1
356143,0
477231,0
436342,1
150638,0
450421,1
484607,1
495160,1
320826,1
448842,1
188303,0
361165,1
193792,0
280571,1
202066,0
447342,1
172941,0
282009,1
382278,1
373114,1
384635,0
382695,0
137682,1
156684,0
407080,1
206813,0
406766,1
269389,0
219746,1
361088,1
355363,1
139385,1
485761,1
241125,1
412416,0
313083,1
254632,0
148131,0
298841,1
227249,1
260916,1
135531,0
288945,0
263237,0
227502,1
200122,0
295209,0
168642,1
142349,1
155679,1
264888,1
461532,0
365231,1
326342,0
364899,0
364492,0
224281,1
346837,0
258064,0
441823,1
269618,1
395861,0
140738,1
267320,1
438426,1
451522,1
232930,0
203799,1
427456,1
144257,0
433981,0
367335,0
129725,0
438544,1
362084,1
239895,1
252633,0
285951,0
226389,1
463997,1
427397,0
137472,0
194085,1
308784,1
420837,1
463192,0
258792,0
276639,0
349334,0
171147,1
221320,0
180343,1
429980,0
218219,0
276668,1
348697,1
137444,1
242954,1
335162,0
315008,1
231429,0
136119,1
285480,0
318198,1
323373,0
324611,1
338768,0
241081,0
234401,0
399842,1
427859,0
444986,1
454031,0
342086,0
225679,0
362416,0
268267,1
443545,0
337114,0
146965,1
170572,1
143722,0
215868,1
276278,0
367170,0
258810,0
440729,0
303447,0
437228,0
462686,0
200267,1
278660,1
212332,1
421164,1
471304,0
233275,1
326996,0
432292,1
268271,1
227498,0
243074,1
351112,1
416615,1
138768,0
351230,1
156847,1
131489,1
488920,1
178769,1
470092,0
384180,0
198772,0
170516,0
410329,0
146862,0
454084,0
320491,1
221148,1
345420,1
335135,1
320406,1
263203,0
354414,0
451299,0
248292,1
469771,0
189089,1
292282,1
306103,1
288902,1
143816,1
238792,0
301435,0
469301,1
235104,0
345212,0
183311,1
438337,1
193619,0
175552,0
345411,1
219137,1
249551,0
215550,1
286196,0
351390,0
126635,0
424078,1
354132,0
295672,0
401030,1
305009,1
482709,0
138277,0
476882,1
492052,0
176551,0
360743,0
415045,0
229680,0
401573,0
155351,1
483682,0
492322,1
489659,0
480332,1
453081,1
470959,0
305548,0
344895,1
491206,0
405796,1
162370,1
248499,0
411246,0
240689,1
271955,0
438724,0
206450,1
477537,1
221121,1
300712,0
493409,1
139908,0
450262,0
408792,0
168416,1
351873,0
364752,1
393192,0
427359,0
265683,0
245989,0
284980,1
489422,1
148273,0
337522,0
156330,1
315489,0
274873,0
237758,1
196785,0
339835,1
480829,0
271652,0
204588,0
479487,0
326316,1
489591,0
187043,0
346987,1
339562,1
426534,0
239334,0
434413,0
319725,1
396681,1
235688,1
383942,1
205338,0
229142,0
326421,1
340605,0
150577,0
179435,1
454801,1
465551,0
437059,0
309508,1
263137,0
377844,1
477750,0
489007,0
406704,0
128491,0
422754,1
215056,0
379182,0
184347,1
161486,1
379965,1
308307,1
309767,1
403884,1
123534,1
358001,1
302375,0
165207,0
453851,1
401900,0
358247,0
412788,1
391542,1
475534,0
471004,0
496693,1
129521,1
153762,1
234466,0
179949,1
427257,1
175115,1
123923,0
344324,1
173298,1
210345,0
126652,1
326414,1
397573,0
195837,0
410856,1
143026,1
183645,0
318478,0
443075,0
238871,0
379537,0
282194,0
465889,0
465497,0
190587,0
267396,1
496101,1
337502,0
346234,0
380544,0
182322,0
321088,1
251823,0
236112,0
486864,0
341914,1
483926,1
255014,0
196472,1
262451,1
457722,1
457061,0
126333,0
171282,0
133007,0
298294,1
373045,0
392753,0
365580,0
490549,1
188107,1
192682,0
231767,0
177635,0
423158,1
460164,0
298462,1
207607,0
193113,1
214079,0
131969,1
398919,0
146913,0
375819,0
333363,1
404964,1
478789,1
407721,0
298244,0
484559,0
493733,1
323389,1
455002,1
307936,0
280416,0
476667,1
478096,1
414918,1
332677,0
200942,0
388063,1
392302,1
393730,0
395247,1
183845,1
324660,1
254608,1
250913,0
358813,1
204039,0
196371,1
372315,0
340029,1
490174,0
384458,1
156328,1
269819,1
264230,0
315858,0
428386,0
484960,1
469403,0
154366,1
128389,0
348442,0
377853,1
143252,0
201382,1
257555,1
206296,1
371310,0
234510,1
487901,0
451221,1
339922,0
290148,1
476219,1
408652,1
158857,1
433859,0
238891,1
412387,0
429384,0
202143,0
491337,0
166347,1
279902,0
340963,0
328972,1
230899,0
228683,1
195624,0
187622,0
421676,0
255559,0
471641,1
224000,1
176238,1
392257,0
452453,0
133401,1
375804,1
250099,0
445812,1
209625,0
228408,0
327248,1
272116,1
381635,1
415665,0
280045,1
483466,0
345911,1
433557,0
409053,1
468016,1
155078,1
156439,1
252300,0
476543,0
476652,1
498617,0
171199,1
440473,1
307825,0
391747,1
249232,1
341145,0
200683,0
188298,0
201910,1
243554,1
378041,1
448560,1
251461,0
407075,1
132986,0
147119,0
473735,1
312888,1
403651,1
369244,1
157423,1
485015,0
406954,0
323819,1
285524,0
265050,0
344246,0
443837,0
299108,1
318331,1
384465,0
309159,1
327792,1
257000,1
450971,0
481139,1
440380,0
209186,0
359487,0
173650,0
423325,1
464137,0
346909,0
367344,1
397933,0
242465,0
272534,0
262828,0
489209,1
409932,0
272813,0
195148,0
240192,0
188032,0
434702,0
202500,1
460163,0
441056,0
130451,1
202883,1
162167,0
248041,0
338567,0
474728,0
485758,1
463085,1
493594,1
403102,0
286301,1
435020,0
411000,0
432494,1
466195,0
202820,1
429625,1
262869,1
204934,1
195825,1
301287,0
455322,1
129330,1
375511,1
366644,1
322419,0
134660,1
381267,0
196527,0
236397,0
409931,1
307392,1
208663,1
165987,0
403010,0
429787,1
485600,0
155222,1
477200,0
289770,0
440964,0
320131,1
369064,0
199348,0
207040,0
467995,0
415166,1
327090,1
258251,0
208505,1
335708,1
340536,1
292805,0
145839,0
469705,0
301247,1
445583,0
128844,0
184678,0
207865,0
231427,1
256073,1
455237,1
470967,1
358838,0
445050,1
498054,1
410971,0
141006,1
378450,1
425356,0
135059,1
362510,0
191892,1
198388,0
424720,1
498120,0
342123,1
361520,1
255224,1
171506,1
493632,1
242291,1
327507,0
326233,0
238800,0
300609,1
228620,1
201452,1
346706,1
471443,0
270522,0
391917,0
353476,0
184164,1
329723,0
208809,0
317737,0
267148,0
305171,1
379360,0
366190,0
245238,1
191636,1
355522,0
382227,0
274389,0
405460,1
209604,1
471235,0
146793,1
230042,1
492392,0
313202,0
459854,0
241741,1
462895,1
139705,1
261398,0
382760,1
466660,1
345281,0
185667,0
403054,0
389605,1
276581,1
175910,1
298519,1
184332,0
254270,1
478748,1
367996,0
388924,1
483067,0
483668,0
367041,1
285780,1
225017,1
175839,1
294715,0
407517,1
149643,1
393753,1
165384,1
362618,1
128363,0
321376,1
205390,0
169205,1
133304,1
319392,0
228778,1
281385,1
154701,0
214342,0
475106,0
261382,0
442112,1
429322,0
277186,1
360530,1
369024,1
311533,1
190121,1
259432,1
498610,1
456711,0
218317,1
194801,1
329280,1
404954,0
177545,1
478591,0
244453,1
201649,0
436102,0
135775,0
409122,0
262689,1
360897,0
231370,1
417636,0
368692,1
374809,1
263017,1
173258,1
301094,0
201572,0
236479,0
433158,1
343649,1
188215,1
236998,1
168603,1
156176,1
134726,1
380381,0
210063,1
452204,1
422162,0
334064,0
278091,1
166841,1
138432,1
380628,0
498647,1
350805,1
443488,1
363186,1
242720,0
443257,0
324129,1
420576,0
167314,0
334527,0
204126,0
229078,0
467700,0
292001,1
228493,0
218574,0
443346,0
465964,1
179414,0
258707,1
372841,0
250277,0
170194,0
327364,0
311427,0
126869,0
160630,0
490300,0
182779,0
214107,0
135819,0
147955,0
127333,0
424122,0
329268,0
414373,0
242909,0
254220,1
497186,1
458891,0
132252,0
383212,1
448829,0
344269,0
368484,1
374633,1
408547,0
278231,0
319599,0
469031,1
214124,1
299321,1
143030,1
418958,1
126191,1
457156,1
328770,0
347372,0
331337,1
465523,0
204375,1
492653,0
255316,1
230005,0
325336,0
331475,1
266185,0
420804,0
125283,1
299750,1
324934,1
494781,0
460073,1
472326,0
209073,1
184172,1
272475,1
489893,1
418540,1
282923,0
461389,1
297466,1
293745,1
446967,0
150407,0
146494,0
298681,1
279078,0
467809,1
131144,0
194960,1
407085,1
390843,0
132512,0
215253,1
135907,0
490432,1
383584,1
228166,0
275216,1
326329,0
396792,0
295596,1
321241,0
391491,1
350758,1
127669,1
379724,1
246433,1
382598,0
175919,0
427700,1
417131,1
154244,1
151311,0
392121,0
408820,0
392319,0
349917,0
252427,0
246215,1
289881,0
495477,0
164075,1
471593,1
235182,0
418376,1
489815,1
252254,1
397384,0
223907,1
475640,0
159269,0
135749,0
186074,0
132913,1
406284,0
204010,0
310603,0
283305,1
164059,1
311245,1
341113,1
258978,0
475129,0
274456,1
298392,0
337377,1
169706,1
155419,0
477815,0
254352,1
194516,1
380803,1
189503,0
259585,0
316575,1
277539,1
412113,0
170927,1
140102,1
184363,0
407506,0
237675,1
312446,0
442768,0
490460,1
250158,0
455634,1
359416,1
164284,1
169311,1
271379,1
294299,0
319464,1
225758,1
458788,1
446030,0
350578,0
413623,1
190794,1
139512,0
377775,0
292779,0
366037,0
338148,0
188018,0
283801,1
468927,1
443676,0
188986,0
446770,1
377051,1
392889,1
147653,0
363235,0
493872,0
260867,1
408383,1
322481,1
212048,1
209240,0
128386,1
309247,1
284600,0
141073,0
429127,1
314918,1
157043,0
291740,0
382105,1
489628,1
210442,1
486097,0
415495,0
206110,0
482402,1
443302,0
136230,1
416894,1
408077,1
126789,1
199383,1
330529,0
253198,0
277062,0
249577,1
214365,1
291672,0
445934,0
306827,0
146815,1
420486,1
128667,1
318497,0
436364,1
234726,0
482035,1
282070,1
195037,1
274373,1
345739,0
314030,0
395346,1
473450,1
385027,1
334260,0
466700,0
313637,0
499625,0
486827,0
186969,0
424109,0
215760,1
184694,1
244742,0
400739,0
188400,0
440117,0
435980,0
406980,0
358533,0
159483,1
201181,0
340641,0
270971,1
224978,0
453611,1
284922,1
319971,0
186259,1
311534,1
377769,1
150180,0
247334,1
364294,1
426412,1
202784,1
257621,0
271024,1
175062,0
398803,0
343010,0
299916,0
395221,1
275884,0
442703,0
394084,1
256699,1
285059,1
326386,1
331472,1
343836,1
236698,0
241219,1
341646,0
329949,1
485525,0
490909,1
227748,0
304723,0
285187,0
474901,0
472579,1
190086,0
152791,1
316850,0
310293,0
201632,1
495590,0
315327,1
338156,1
417838,0
170287,1
374726,1
339664,1
194906,1
147434,0
134808,1
376503,1
271004,0
402079,0
217282,0
365620,0
167961,0
428482,0
402697,1
225011,1
136520,0
202391,1
479803,1
149294,0
432893,0
219916,0
199140,0
271377,1
494744,0
190105,1
459697,1
295700,1
418964,0
164942,0
463501,1
374485,0
341665,1
222600,1
414724,1
140263,1
365658,1
249355,0
163612,1
174853,1
190439,0
233263,1
213366,0
348675,1
278735,0
440372,0
174824,0
422739,0
340608,1
159567,1
215519,0
402908,1
359913,0
171144,0
166207,0
428424,1
208239,0
257153,1
425254,0
147864,1
300134,1
382919,1
190558,0
394715,1
356941,0
440458,0
232070,0
306333,0
244509,1
307230,1
476961,0
192613,0
386544,0
488166,1
328015,0
417006,0
165838,1
147318,1
185478,1
319537,0
354505,0
422916,0
349301,1
404111,1
272098,0
418945,1
218709,1
190772,1
459336,0
309055,0
248837,0
142164,0
384861,1
151795,0
347400,0
197323,1
320938,1
185407,0
193088,0
353807,0
263787,1
328090,0
131340,0
329683,0
250715,1
307434,1
418372,0
429809,0
376579,1
253305,1
378060,0
325290,0
144512,1
324476,0
454004,1
190583,0
180409,0
451909,1
399534,0
242072,0
422391,1
226304,1
401206,1
295982,1
210187,1
477073,1
208670,1
400695,0
204427,0
362721,1
439328,0
223112,0
205164,1
366692,1
432196,0
259237,0
467237,0
407889,1
368243,1
441148,1
381229,1
349871,0
227075,0
499009,1
220883,0
127424,1
465594,0
446612,0
131308,0
186249,0
320366,0
238185,0
410962,1
128477,0
379327,0
342447,0
146765,0
312097,0
427104,1
228591,1
221381,0
126457,1
263610,1
417744,0
188563,0
395892,1
134532,1
199415,1
462718,1
170069,1
132236,0
342601,0
307380,0
377651,0
358148,0
439829,0
438309,1
411446,0
264830,0
475556,0
207654,0
436207,1
256271,1
167487,1
495950,0
481715,0
195767,1
426192,1
413545,0
429756,1
375410,1
465981,0
314022,0
438655,1
342378,0
174291,0
361695,0
407184,1
285362,1
248887,1
225819,1
498782,0
404823,0
366153,1
356328,1
379361,1
436248,0
207744,1
130695,0
323589,1
375833,0
418946,1
165217,1
316409,1
429898,0
229536,1
395422,1
333383,0
149666,0
425886,1
288562,0
245676,0
412690,0
314289,0
136048,1
198706,0
208768,0
170328,1
124476,1
246517,0
499492,1
340224,1
227833,1
200677,0
482958,1
198980,1
471559,1
149977,1
435318,0
334198,0
425180,1
337204,1
249319,0
425371,0
285162,0
201746,1
377039,1
134269,0
282973,1
497622,1
421695,1
224366,1
456050,1
305494,1
177471,0
236804,0
409378,1
329722,0
156318,0
369185,1
186681,0
230904,1
291566,1
405168,0
360018,1
376348,1
388229,1
351647,0
279956,1
266623,0
397804,0
175497,0
132076,0
205128,1
195039,0
224854,1
379395,1
360900,0
181031,1
169494,0
455937,0
229690,1
125496,0
341139,1
491657,1
292093,1
242068,0
452000,1
135556,1
456722,0
313831,1
265136,1
302393,0
130561,1
175804,0
154121,1
315746,1
472213,0
142543,1
350677,0
190134,0
344636,1
419098,0
281539,1
259332,0
233965,1
215485,0
482684,0
284014,0
300731,0
410671,0
387090,0
233614,0
191632,0
208419,1
419191,0
317419,1
196469,1
140714,0
427678,1
482151,0
362562,0
327114,0
390152,1
302968,0
245145,1
419887,0
267048,0
185927,1
277453,0
203416,1
488729,0
124680,0
422383,0
244649,1
240675,1
145462,1
334276,0
275434,0
235532,0
298647,1
341257,1
489929,0
346087,0
405936,1
418826,1
479223,0
328330,0
167238,1
272551,0
407705,0
287069,0
487127,0
272832,1
205160,1
177817,0
383801,0
401411,0
200595,1
485763,0
154411,0
348294,1
269117,1
482053,0
293540,1
383814,0
227876,1
428938,1
419649,1
353679,1
264212,0
237387,1
467280,1
497478,1
373907,0
464341,0
211477,0
297030,0
168103,1
288382,0
229871,0
154906,0
179011,1
404283,1
362958,0
388048,0
379080,0
157212,0
216556,1
309486,1
378582,0
340694,1
486126,0
304531,0
379718,0
390926,0
185234,1
258815,0
144028,0
373699,1
165168,1
396088,1
194983,1
203206,0
333099,0
354868,1
279747,1
189179,0
167256,1
386862,0
238543,1
276111,1
374049,1
164566,0
151895,1
154340,1
150581,1
164846,0
326933,0
408188,1
498775,1
255695,0
151137,0
437823,1
421667,1
427680,1
232402,0
486068,0
412625,1
130585,0
338087,0
284859,0
206271,1
167193,1
346722,0
435995,1
138599,1
228739,0
387794,0
488870,1
166304,0
367085,1
287459,1
274606,0
218406,0
258680,0
169106,0
463786,0
489095,0
303318,1
299227,1
403086,1
460047,0
413822,1
397959,1
341325,0
263393,1
489805,1
396486,1
159099,1
157534,0
194466,0
464578,0
162207,1
126711,1
358323,1
167670,1
459808,0
349138,1
375721,1
168016,0
137166,1
397601,0
460350,1
480915,1
327472,0
407356,0
283955,1
283851,0
418541,1
365064,1
250897,0
247102,0
475333,0
325001,1
275350,1
417310,0
192506,1
476449,1
197434,0
304083,0
298865,0
341276,1
362203,1
270919,0
277909,1
356936,1
379354,1
439947,1
344718,0
393872,0
148046,1
493252,0
494182,1
283001,1
149984,0
433152,1
138407,1
413318,1
337537,0
403295,0
306013,1
147928,0
471106,0
498160,0
385485,1
126859,0
162108,0
338025,1
415673,1
355718,0
292604,0
174756,1
129511,0
252418,0
366065,1
358094,1
269998,1
405525,1
127749,0
364341,1
265315,0
264909,0
162077,0
325050,1
170714,1
179233,1
128200,0
368152,1
447334,1
295400,0
144845,0
402254,0
296987,1
309000,0
477729,0
201621,0
198829,0
244340,0
498166,1
148715,1
310986,0
161762,0
277692,1
147849,0
241782,1
261522,0
315659,0
317680,1
378297,1
319453,0
345357,0
450975,1
169187,0
313744,1
415433,1
367211,1
276986,1
459309,0
362983,0
395410,1
484630,0
454098,0
216223,0
259872,0
285781,1
340660,0
451046,1
426472,0
439982,0
499687,0
412150,1
431990,0
228912,0
469448,1
492763,0
226458,0
402111,0
378654,1
339880,0
402273,1
156393,0
129224,0
409188,1
200045,0
247855,1
264993,0
436821,1
392271,1
355328,1
421895,0
179736,0
380861,0
472600,0
389198,1
411081,1
186766,0
374899,1
229797,1
288422,1
252180,0
156229,1
290608,0
332622,0
336803,0
181992,0
146630,1
393318,0
131883,1
173734,1
325352,0
197260,0
176471,1
371996,0
394929,1
406117,1
446409,0
432772,0
280145,0
275889,1
197664,1
416754,1
450306,1
257586,1
223876,0
390326,1
215785,0
200488,0
451131,0
321921,0
398818,1
140334,0
461416,1
169482,0
352936,1
306542,0
239240,1
441381,0
484668,1
213510,1
441519,0
365199,0
276104,1
381853,0
485808,1
214931,0
475994,1
152676,0
381514,1
264939,0
491233,0
295630,1
472760,1
327213,1
357011,0
239541,1
228998,0
248986,1
462065,0
230638,0
250212,1
139637,0
187877,1
198957,1
477915,0
368794,1
395659,0
358234,0
237380,0
332098,0
466727,0
207856,0
125795,1
475380,1
152439,0
378576,1
282611,0
415436,1
477657,1
155175,0
181402,0
254213,0
241875,1
213941,0
222278,0
216812,0
370756,0
197404,0
397736,1
384793,0
362119,1
124748,0
437525,0
224043,1
183393,1
490728,1
486758,0
271823,0
153685,1
285922,0
180842,0
185901,0
477560,1
431639,1
486905,1
498565,1
212891,1
272910,1
449653,0
421672,0
259566,1
199810,1
181309,0
325334,1
243399,0
287758,1
387043,0
408994,1
353397,0
368505,1
491605,1
345735,0
337037,1
288272,0
432520,1
315241,0
132768,1
215445,1
238279,1
211306,1
445780,1
493410,1
437274,0
196236,0
128665,0
372694,1
376767,1
428834,1
163427,1
233460,1
497534,1
365068,1
284490,1
457966,1
138907,0
166470,0
194824,1
476298,1
335211,0
215735,0
335382,1
345752,0
477960,0
218817,0
138036,1
427637,1
420847,0
195136,0
187566,0
318321,1
476292,1
441282,0
493066,0
403479,1
130710,1
446447,1
479206,0
323170,0
195868,0
155324,0
126581,0
472211,0
253585,0
357847,0
463791,0
408797,0
162147,0
449155,1
143892,0
394381,0
165604,1
277862,1
338032,0
354373,0
201973,0
234943,0
471538,0
211784,0
418933,0
327141,1
239271,1
458679,1
158713,1
491442,1
247970,0
249166,1
375368,0
178661,0
211402,0
385627,0
435564,1
338279,0
332277,1
490737,1
340374,1
457054,0
151194,0
246607,1
176077,0
199349,1
140775,0
292490,1
384899,1
263103,1
449315,0
252915,0
219415,1
210001,1
304985,0
130017,0
367649,1
378218,1
223693,0
303713,1
316499,0
377591,1
474581,1
178426,1
284043,1
293697,0
229124,1
208179,0
415428,0
218310,1
499131,1
434816,0
153098,1
167372,0
194494,0
296122,0
480947,1
220774,1
476493,1
362423,0
412511,1
294472,0
185851,0
457779,1
468644,0
171207,1
236620,1
422161,0
218476,1
461366,1
355163,1
284625,1
461069,0
414071,0
333251,1
363683,1
153540,1
219726,0
211034,0
217452,0
215015,0
435100,1
355786,1
497284,0
379675,1
345111,1
405706,0
282398,1
248164,1
388876,0
169877,0
144808,0
130701,1
457940,1
399318,1
187443,0
183032,0
459723,0
454185,1
493634,1
392123,1
196655,1
218504,1
214991,0
244660,1
480568,1
468944,0
425993,0
394355,0
318837,1
179152,1
130817,0
490255,0
189048,0
476169,0
338305,1
422509,1
152679,1
124092,0
466516,0
435280,1
304029,0
359098,0
279424,1
342445,1
207667,1
214063,1
475400,1
334369,1
212828,0
162321,0
201975,1
302004,1
468500,0
160752,1
412908,0
336884,0
153735,0
145817,0
460544,0
144787,0
420190,0
377966,0
471143,1
136356,0
155326,0
321349,0
363674,1
334461,1
156601,1
391528,0
270347,1
426164,1
279323,1
476238,0
425793,0
156348,1
135370,0
323916,0
381020,1
192997,1
140840,0
166281,1
260572,1
276663,1
265048,0
363556,1
493017,0
297974,1
297142,1
311863,0
394593,0
151372,1
398502,0
258044,1
370723,1
378838,0
463127,0
376762,0
480252,1
127400,0
432912,0
348670,0
158248,0
453311,0
219089,0
420053,1
443177,0
467641,1
449201,0
283458,0
289950,0
421720,1
409049,0
240255,1
399621,1
295383,0
476361,0
443516,1
314697,1
298354,0
130800,1
292942,1
346398,1
145863,1
328997,1
149583,1
418571,1
378314,1
207827,0
432195,1
129559,1
449640,1
141772,1
127269,0
462936,0
404839,0
319852,0
225841,0
133558,1
193823,0
228810,0
302832,1
384633,1
281233,0
454855,0
451458,1
233092,1
386655,0
236228,1
141366,1
315529,1
421471,0
263672,0
219543,1
354041,0
434377,0
198286,1
246232,1
163954,1
342996,1
416191,1
298145,1
285220,1
171043,1
277473,1
277766,0
185178,0
413399,0
345592,1
139735,0
221451,1
202348,1
146875,1
315696,0
421312,1
193270,1
160464,0
232920,1
263852,1
473548,0
206389,0
432127,1
263906,0
213140,0
424430,1
134716,0
454785,0
409019,0
258336,1
450234,0
484073,0
177107,0
409957,0
433450,1
291573,1
148003,1
165410,1
206319,0
213727,0
160962,1
356491,0
498302,1
210255,0
311207,0
205036,0
391393,1
437767,1
158079,0
191328,1
367320,0
317744,1
398530,1
268891,0
173648,1
177329,1
136049,0
432413,1
187004,1
326960,1
359576,1
145751,1
161463,0
487539,0
132326,1
155988,0
148347,1
399517,1
202800,0
391031,1
247147,0
360992,0
328121,1
174540,0
196461,1
356569,1
420227,1
210875,1
439643,0
152502,0
239327,0
282709,1
134157,1
306607,1
302125,1
296037,0
492706,0
345339,1
423442,0
201922,0
206573,0
335479,1
251966,0
226758,0
472401,1
199610,1
243434,0
498095,1
369131,0
251341,1
197596,1
168319,0
317859,0
244279,0
303739,1
371897,0
266956,1
343160,1
349764,0
418956,0
460805,0
313326,1
305706,0
191962,0
466735,1
471788,1
423689,0
160246,1
492097,1
358948,1
396574,1
360172,1
440261,0
317297,0
128680,0
135396,1
264462,1
246868,0
142327,0
397150,0
274037,0
452458,1
460619,1
329963,1
365739,1
448400,0
390748,0
492225,1
376494,0
147068,0
226227,0
123614,0
451839,1
231950,1
178600,0
334285,0
454972,0
123705,0
451719,1
244086,1
235459,1
316827,0
261647,0
448996,0
382643,0
382354,0
124764,0
285650,0
237040,1
487377,1
176895,1
218616,1
416091,0
207791,1
388810,1
254871,0
313792,1
432614,0
193167,1
427041,0
279428,0
260054,1
210092,1
223325,1
408014,0
276526,1
151426,0
462644,0
229482,0
255251,1
417512,0
408450,1
385520,0
211656,1
464094,0
251985,1
184273,1
209249,0
236758,0
124336,0
178762,1
382917,0
368126,0
174427,1
400639,0
413157,0
447856,0
185769,0
140664,1
391931,1
361240,1
371125,1
137740,1
227290,0
177805,0
180233,0
233765,0
197744,1
192833,1
173680,1
410082,1
347071,1
235364,0
314789,1
221800,1
402495,1
450322,1
155021,1
353698,0
186820,1
383019,0
213470,0
393355,1
304178,1
495236,1
279049,1
206042,0
238497,1
380584,0
492156,1
478101,1
209122,1
299696,1
138194,1
263679,1
341094,1
479327,1
288412,1
307623,0
334573,1
486038,0
408529,0
455217,0
321444,1
297767,0
189958,1
351765,1
475328,1
377429,0
460182,1
377165,1
484435,1
263916,1
170500,1
154364,0
248192,0
271328,0
346254,1
270941,1
379688,1
327881,1
148356,0
314603,0
293281,1
317263,0
458177,1
231361,1
160725,0
242371,0
271174,0
328571,0
298556,1
151240,0
484498,0
265312,0
201961,1
290487,0
496029,0
461295,0
465721,1
348854,1
206487,1
183095,1
380398,0
139804,0
392154,1
376381,1
472146,1
451273,1
143495,0
461211,0
202247,1
181087,0
317964,1
249248,0
461856,1
317176,0
225262,1
190674,0
250474,1
459154,0
309616,0
292423,1
219634,0
377443,1
371167,0
205139,0
161206,1
334769,0
325319,1
495074,1
368120,1
489171,1
244079,0
142777,0
274652,0
306939,0
310491,0
268012,0
264733,1
188510,1
309387,0
334275,1
179291,0
418768,0
400210,1
238982,0
142728,1
227243,0
401091,0
248045,0
319774,1
262481,0
154534,1
344164,1
235884,1
357559,0
216665,0
367493,0
479802,1
255225,1
387515,0
487913,1
304003,1
261416,0
153139,0
159383,1
431628,0
152126,0
342227,0
165239,1
229607,0
276478,0
290072,1
177708,0
210963,1
163165,1
182718,1
335879,1
197567,1
391464,1
189800,0
420135,1
279440,1
178771,0
434652,1
475072,0
322562,1
214849,1
445087,1
360979,1
165748,0
419787,1
499097,0
404399,1
187766,1
136441,0
230778,0
303219,1
406381,0
476738,0
188411,0
491080,1
459096,0
132097,1
327651,0
431984,0
351132,0
252701,0
147087,1
261024,0
353600,0
141714,0
200301,0
330960,1
282704,0
422492,0
334004,1
293332,1
498712,0
195650,1
396215,1
290701,0
258197,0
174737,0
344438,0
262021,1
445899,0
275637,1
434057,1
127373,0
230799,0
369458,1
128394,1
193424,1
357370,1
266785,0
371861,1
331386,1
237147,0
316777,1
482864,1
453767,0
333124,0
304137,0
233407,0
409562,1
442556,0
366404,1
303008,1
330557,1
471457,1
412537,0
452657,1
305259,1
181725,0
130021,1
313059,1
142184,1
225830,1
311348,0
169076,1
492008,0
217399,1
229033,0
331524,1
219292,0
350549,1
263367,1
159448,0
172710,1
395900,0
342781,0
319332,1
191016,0
243160,0
340005,1
354910,0
371832,0
272885,1
220737,1
449292,0
416036,1
447098,1
282850,0
410513,1
357285,0
387156,0
146847,1
485166,1
426543,0
290288,0
388078,1
434876,0
369100,1
170166,1
125203,0
478259,1
152470,1
367022,1
394419,0
265369,1
262994,1
368185,1
138461,1
185571,1
309338,1
331797,1
210338,1
194629,0
468960,0
300668,0
296994,1
399361,0
145028,0
286339,0
179097,1
421111,0
202922,1
353689,0
494347,1
150768,0
451634,0
469861,1
438156,1
365571,0
430860,0
308358,0
133969,1
453781,0
134416,0
293356,0
377001,0
311958,1
369673,0
240377,1
362739,0
369449,0
454040,0
160218,0
260666,1
413837,1
364249,1
244146,0
448366,0
253711,0
165854,1
233024,1
254129,1
168374,1
211085,1
338957,1
342481,1
165387,0
127216,1
266029,1
230719,1
219493,1
497462,0
197357,0
363232,0
332831,1
425169,1
287683,0
264583,1
322818,1
377382,1
375608,1
406122,1
275877,0
329573,1
279801,1
224169,0
401356,1
181836,0
353177,1
369522,1
419095,0
166069,1
185933,1
349236,1
437660,0
447118,0
205964,1
370976,1
237641,1
338732,1
332119,0
325884,1
137117,0
251287,1
424849,0
489415,0
165405,1
350355,1
325002,1
147732,1
260123,1
426570,1
281067,0
135439,0
378123,0
309285,0
299408,1
142464,1
357443,0
495524,1
306021,0
171821,0
197660,0
242698,0
318313,0
271357,0
451841,1
344154,0
431187,1
455659,1
425172,1
285201,0
143336,0
419893,0
447370,1
378789,0
297886,0
194279,0
375558,1
226821,1
386600,1
281596,1
191298,1
167270,0
182988,1
236018,1
491739,0
474275,1
494604,0
422451,1
334811,1
384195,1
413716,0
405248,1
161938,0
188088,0
125771,1
280782,1
229772,1
463637,1
475384,0
427509,0
447379,0
324467,0
209148,1
186418,1
202427,1
302458,1
318182,0
474737,1
308624,0
250663,0
278352,0
243243,0
434728,0
151883,0
167137,1
137435,1
481593,1
372945,0
195404,0
269811,0
314284,1
394142,0
229745,0
127561,0
499379,1
179921,0
486845,1
209014,0
154682,0
237357,1
388761,0
139467,1
211212,1
240390,0
490477,1
358643,0
216011,0
323737,0
160272,0
359499,0
261745,1
289784,1
471064,0
391228,0
132546,0
195085,0
165284,1
154655,0
493186,0
400421,1
289996,0
213833,0
162770,1
238636,0
391709,1
492229,1
288339,0
132492,0
420408,1
485705,0
402627,1
374491,0
221042,0
203911,1
243954,0
179393,1
415797,0
160823,1
380370,1
327664,0
410369,0
125477,1
378205,0
167556,0
480927,1
407090,1
459679,1
252090,0
361176,1
372021,0
197382,1
173653,0
415294,0
336966,1
439788,0
475022,0
404859,0
340520,0
469156,0
253140,1
397708,0
248383,1
158560,1
231810,1
473204,0
316716,0
325387,0
140652,1
286692,0
155335,1
268966,1
363037,0
199982,0
193058,1
351239,0
407868,0
468825,1
197855,1
296520,1
354818,1
398299,1
262086,1
158709,0
155692,0
367659,1
340998,0
164332,1
215387,1
219438,1
399487,0
408324,0
485606,1
157097,1
408150,1
448029,0
477288,0
313053,1
156942,0
402611,0
124596,0
302077,0
369272,0
236169,1
397537,1
443602,0
469127,0
380634,1
354156,0
266820,1
240885,0
272676,1
493684,1
269573,1
349580,0
385568,1
397697,0
408026,0
386455,1
373322,1
244194,0
181244,0
212554,0
398239,0
431041,0
209346,0
314722,0
223372,0
167854,1
497002,1
307961,0
406997,1
153431,1
431036,0
458349,0
325779,1
445557,0
307260,1
440867,0
246954,0
255500,0
433211,0
164579,0
274076,0
370675,0
379550,0
366938,1
345849,0
317012,1
457720,1
244542,0
340152,1
150249,1
469008,1
317664,0
461133,0
128642,1
453240,0
245594,1
300992,0
219528,0
288482,0
240605,1
289315,0
177775,1
300701,1
432938,1
466141,0
498632,1
439227,1
461088,1
463274,1
320490,1
427562,0
348280,1
374023,1
171146,0
233795,0
140400,0
341512,0
284258,1
375929,0
165535,0
424973,0
347046,1
437362,1
294622,0
338144,0
136390,1
371170,0
434446,0
154879,0
289136,1
448758,0
244299,0
240361,1
128249,0
343597,0
384886,1
222049,0
132425,1
408137,0
464576,0
273359,1
263142,0
472304,1
230251,0
184212,0
211284,1
219766,1
492131,1
159418,0
364881,0
346783,0
253113,0
318156,0
281895,1
373702,1
299614,1
124154,1
302493,1
148897,0
204838,0
205859,1
168442,0
131539,1
416751,1
373833,0
441177,0
263947,0
191486,0
333724,1
267352,1
264014,1
369625,0
445334,1
361407,1
333752,0
306345,1
162695,1
366132,0
489693,0
414560,0
487437,1
284327,1
392268,1
404797,1
286734,1
389891,0
313001,0
423303,0
419357,1
174149,1
392199,1
276553,0
155886,0
245159,0
427611,1
346219,0
359828,0
309111,1
461584,0
428462,1
247689,0
423444,0
205610,1
482712,0
150167,1
257083,1
384962,1
390241,0
310608,0
335293,0
407227,1
383576,1
434592,0
223514,0
415946,1
392226,1
239027,0
248121,0
320808,0
379919,0
313418,1
259007,0
388335,0
234601,0
457279,0
438291,1
457107,1
409782,0
454288,1
396164,1
342883,0
475937,0
493224,1
204481,1
352609,1
409749,1
352171,0
278985,1
330681,0
223330,0
299709,1
284602,0
352849,0
489683,1
432757,0
145871,1
188439,1
435863,1
392710,1
364228,0
172592,1
272478,0
459357,1
400866,0
141879,0
277916,1
139077,0
144603,1
486750,1
276013,1
374474,0
228944,0
423317,1
378308,0
472467,1
216575,0
228599,0
243964,0
397039,0
205130,0
194001,0
442322,0
448442,1
453354,1
471690,1
377249,0
194365,1
296410,0
400977,0
291985,1
392212,1
268031,1
496718,1
312941,0
401361,0
446151,0
280954,1
261512,0
441904,0
130387,0
418787,1
150257,0
268067,0
258092,0
348698,1
357308,0
413114,1
468033,1
282244,0
333187,1
492286,1
296473,1
468276,1
225557,0
375187,0
431426,0
299192,1
486551,0
421506,1
306685,0
316870,1
157687,0
215880,1
373936,0
240912,1
385838,0
409646,1
499128,1
461006,0
149522,0
349740,0
415521,1
421837,1
324105,0
347419,0
304466,1
489488,1
165393,1
347848,0
169829,1
409284,0
228085,1
433133,1
402829,0
163049,0
134678,1
361585,1
147829,1
202627,0
190236,1
367792,1
252627,1
408223,1
407186,1
195079,1
353234,0
197447,1
195906,1
447557,0
197906,1
487699,1
158861,1
265492,0
495147,1
491747,0
215589,1
184993,0
268045,0
202321,0
282032,0
184912,1
162597,1
165755,0
167663,1
497113,0
181775,1
373997,1
162393,0
131930,0
132915,1
292750,1
247488,0
219167,0
259972,1
493549,1
189914,1
123888,0
497701,1
335820,0
456996,1
319631,0
138699,1
396648,1
271322,0
227921,1
154627,1
198691,0
363952,0
209285,1
434670,0
489725,1
148078,0
169895,1
290503,0
316231,1
387272,0
389397,1
292553,0
335233,0
169174,0
206452,1
385715,0
462142,1
460170,0
129102,1
427240,0
168879,1
335276,0
163903,1
257411,0
125514,0
316197,1
418239,0
369388,1
154354,0
327710,0
423694,1
140993,1
187075,0
265928,0
498664,0
437964,1
244751,0
269134,0
478981,1
188086,0
290958,1
156814,0
210493,1
426658,0
154848,0
166231,0
241194,0
480277,0
406152,1
408025,0
334724,0
212137,0
358893,0
154573,1
380083,1
192849,1
395214,0
283049,0
486648,1
391787,1
406753,0
250232,0
334503,0
168763,1
364851,0
418285,1
249565,1
141360,0
266799,1
198875,0
372057,0
432211,1
359636,0
362635,1
175210,1
179473,0
215032,1
146641,1
327219,0
429662,0
305680,0
480588,1
463384,1
419318,0
202935,0
354576,0
385420,0
457700,1
441871,0
434956,0
215078,1
498840,1
189607,0
349099,1
448111,0
364356,0
133563,0
203175,0
331795,1
126702,1
343963,0
313482,0
131653,0
157697,1
465853,1
433491,0
372470,0
140181,1
357948,0
162578,1
424405,0
143157,1
453917,1
202672,1
410674,0
340012,1
227851,1
277452,0
413149,0
344331,1
316978,1
442195,1
126953,0
265093,0
458563,1
472998,1
494581,0
235170,0
210989,0
215436,1
374742,0
210271,0
168948,1
294108,0
333696,1
139928,1
329721,0
206383,1
150655,1
239083,1
199214,0
279009,0
237366,1
492544,1
265783,0
216301,1
335917,1
290219,1
464334,0
495816,1
209234,0
231614,1
126674,1
293715,0
470208,0
445648,1
156275,1
159787,1
123986,1
456754,1
234974,0
346491,1
267968,0
196293,0
179411,1
493655,0
201697,1
270858,1
425222,1
450844,0
200991,1
224724,0
362460,0
180155,1
459016,0
272637,0
297265,0
150840,0
131125,0
396466,0
358395,0
348444,0
424180,0
224998,0
197378,1
280785,0
460079,0
267283,1
187819,1
378630,1
372681,1
145368,1
389532,0
187633,1
307318,1
394335,1
465537,1
377371,1
345843,0
130905,1
214792,1
184074,1
479596,1
187811,0
457095,0
448498,1
373448,1
302774,1
438885,0
269546,1
215473,1
481648,1
497483,0
210535,1
433581,0
445772,0
424225,0
331333,1
360987,0
486882,1
203073,1
264590,1
462267,1
482112,0
225623,1
154175,1
176308,0
238302,1
163958,0
283052,0
336635,1
220504,1
419060,0
126753,1
288921,0
152057,1
419124,0
245462,0
449488,1
296427,1
126528,0
363095,0
495810,0
423393,1
426090,0
422644,1
393903,0
446573,1
191462,1
155023,0
232946,0
323987,0
342153,1
218349,0
129031,1
345762,1
132930,1
375263,0
362169,1
415948,0
309632,0
307607,0
140525,0
461919,1
317250,1
124717,1
258375,0
133767,0
454597,1
227193,0
215712,0
139763,0
165347,1
413212,1
352821,0
395944,0
494949,1
192081,1
457815,1
439685,1
165969,0
254765,1
184737,1
254621,1
167235,1
163149,0
216297,0
452775,1
379902,0
179126,1
223012,1
331612,1
307711,1
250145,0
353215,1
205833,1
319644,0
465408,0
155695,1
174903,1
260913,0
378158,0
398204,1
425422,0
275414,1
263474,0
486490,0
442940,1
391443,0
285850,0
459306,0
436930,0
440533,1
493576,1
472585,0
166986,1
441663,0
337955,1
224698,1
350598,0
481060,0
236540,0
273318,1
270499,0
488098,1
438523,0
285158,0
251288,0
140773,0
282727,0
310112,0
257980,0
247297,0
265985,0
266207,0
498740,1
190836,0
204659,1
272447,1
126485,1
241564,1
380856,0
388975,1
223734,1
227908,1
312051,1
469116,1
264741,1
471185,0
323070,1
222372,0
184105,1
368538,1
466450,0
452426,0
244387,1
342595,0
151474,0
302831,1
313844,1
337036,0
176628,0
159852,0
358853,1
498362,0
405288,1
277024,1
132381,0
194035,1
431059,0
353862,1
240666,1
322508,0
413082,1
169217,1
155489,0
254836,0
197400,0
132474,1
288925,0
450954,0
316806,0
364257,0
179139,1
147702,1
486219,0
255261,0
347866,0
375087,1
326364,0
403686,1
175585,1
315147,0
141447,1
204174,1
139244,0
465986,0
300041,0
386853,0
468372,0
231104,1
389914,0
343530,0
491120,0
344606,0
286691,0
185004,1
463539,0
440608,0
386106,0
329526,1
333077,1
237432,1
340811,0
367799,0
429245,1
295262,1
409935,0
479706,0
323134,1
312470,1
228553,1
421188,0
206704,1
360781,0
443603,1
399508,1
274791,0
311048,1
466092,1
230643,1
374203,1
386864,1
394943,0
225462,1
452438,1
127463,1
361440,0
156421,0
317386,1
419205,0
360980,1
389189,1
480653,1
372910,0
265958,0
489438,1
282443,1
138368,0
298127,1
205791,1
198669,1
403698,0
244400,1
280591,0
474313,1
341696,0
346169,1
237645,0
198127,0
373056,1
454567,1
267449,0
405056,0
392660,0
305877,0
282339,1
179732,0
214519,1
309248,0
424989,0
241768,0
224514,0
245605,1
326410,0
352727,1
229077,1
370405,0
281899,1
325163,1
343756,0
123868,1
467768,1
438942,1
324221,1
262826,0
123676,0
164589,1
482809,1
447941,0
454810,1
321883,1
415670,0
316313,1
359843,1
499364,0
257031,0
328510,1
201362,0
426385,1
161153,0
353602,0
401990,1
358508,1
167952,1
304924,0
427937,0
272520,0
499856,1
453133,0
131819,0
402316,0
424814,0
178001,1
201927,1
348367,0
171436,0
310322,0
278752,1
209251,1
264685,0
234211,1
361479,0
277080,0
154869,0
139534,0
127006,1
158302,0
153335,1
161320,1
437923,0
373440,1
293044,0
360704,1
368436,1
348840,1
389859,0
434792,0
200514,0
458997,1
217101,1
402078,1
312136,1
244502,0
335004,1
402693,0
455794,0
448683,0
483134,0
232247,1
152420,1
248463,0
202131,0
334508,1
195310,1
346529,1
130090,1
395640,0
317602,1
382228,0
338939,0
346069,0
253091,1
474246,1
380443,1
305316,0
458405,0
468855,1
445574,1
395563,1
214737,0
394236,0
317546,1
280164,1
331785,1
472193,0
404957,1
358962,1
476798,0
153049,1
429546,1
231955,0
407942,0
275519,0
197234,0
135235,1
456069,1
447103,1
409380,1
388729,1
243541,1
488170,0
307812,0
313067,0
176007,1
169389,1
373189,1
397380,1
414839,1
317084,0
236984,1
294610,0
194523,0
444009,1
336011,0
454011,0
231296,1
364271,1
451669,0
274916,0
420228,0
368240,1
289134,1
194940,0
369287,1
162220,0
405038,0
216381,0
374316,0
464194,0
373118,0
199564,0
234210,1
462414,0
242166,1
166239,1
350717,1
454689,0
178780,1
200294,1
308644,1
129568,0
474425,1
304242,1
298696,0
322849,0
356724,1
267238,0
454397,1
128104,1
200958,1
270908,0
195197,0
235017,1
435497,0
388718,0
486345,0
328085,0
273013,1
225327,0
296139,0
405882,0
171531,0
233369,0
161877,1
137022,1
382005,1
282073,0
133484,0
225379,1
134186,1
189821,1
316790,0
447300,0
305055,1
347638,1
323652,1
197985,0
244121,0
332461,1
222677,0
255412,1
269491,1
492093,0
424470,1
321475,0
451933,1
148491,0
244175,1
425233,1
178371,0
473507,0
439799,1
238549,1
329257,1
404589,1
496000,0
333316,0
451962,0
325313,0
282761,0
207483,1
492158,0
138518,0
158023,0
238843,1
141760,0
288489,1
290333,0
223652,1
240048,1
149130,0
125124,0
421307,1
478682,0
136789,1
482211,1
285559,1
293497,1
489284,1
358554,0
381693,0
177647,0
204154,0
220693,1
351727,0
395251,0
152350,0
303442,0
496672,1
263778,0
417349,1
198258,0
477683,0
384437,1
207510,1
243209,0
181965,1
305912,1
341553,1
427641,1
456310,1
227485,1
147662,1
268684,0
385451,1
297273,1
204219,1
129395,1
153051,0
317636,0
189193,1
141323,1
465817,1
452274,0
257706,1
213448,0
284059,1
426063,0
233303,0
349736,1
479208,0
154241,1
328458,1
442155,0
286321,0
250470,0
189968,0
455193,0
473605,0
168738,0
305791,0
363848,1
149031,0
227843,0
311294,0
418380,0
337401,1
290591,1
181049,1
443301,0
220469,0
405541,1
318724,0
403485,0
246419,0
381291,1
149600,0
377081,0
268970,1
192468,1
426350,0
207684,0
134116,1
363582,1
250071,1
462727,0
351466,0
417965,0
195345,1
465105,0
222266,1
327909,0
182859,0
413373,1
311107,0
262014,1
402553,1
363252,1
372733,1
254397,1
169044,0
442834,0
154092,0
292259,0
441351,1
467034,0
322515,1
467543,0
282886,1
146264,0
465330,0
302293,0
335807,0
437293,1
330508,0
313016,0
252188,0
183217,0
389812,1
449198,1
355435,1
149435,0
169863,0
282472,1
280838,1
337919,0
185109,0
373690,0
208696,0
418840,1
128623,1
479830,1
442167,0
298598,0
210706,1
228359,1
414553,1
259324,0
195210,0
200179,0
419428,1
419425,0
364839,1
170001,1
264839,0
235639,0
177876,1
299578,1
313120,0
389987,1
473628,1
336706,0
190227,1
202931,0
222900,1
462983,0
415624,1
146472,0
284386,1
293774,1
195205,0
292708,0
249648,1
338098,1
162396,0
401382,1
387305,0
129831,0
167664,0
486059,1
427480,0
229123,1
200006,1
430746,1
340415,0
472016,0
285712,1
278550,0
386814,1
303151,0
338809,1
141592,0
466525,0
339291,0
190532,1
159714,1
275974,0
197543,1
295495,0
395794,1
177895,1
348090,1
458678,0
276424,0
277730,1
432518,1
445112,0
479480,1
414233,1
457429,0
360621,1
263136,0
208709,1
235795,1
128577,1
429820,1
245549,0
472711,0
299493,1
291261,0
255311,1
360220,0
279720,0
197098,1
486242,0
240670,0
331759,0
441373,0
473056,1
196589,1
433028,0
377284,0
251258,1
437665,0
379522,1
166830,0
214439,1
318434,0
316306,1
322621,0
419323,1
498048,1
194583,0
221224,1
393796,0
335965,0
125569,1
325551,1
184703,1
489166,0
279175,0
215600,1
488817,0
235438,0
329469,1
399812,0
442888,1
249953,1
484056,0
274926,1
465097,0
481810,0
380009,1
179328,1
396836,0
335377,0
373653,0
398419,0
220735,1
239605,0
412710,1
157182,0
349916,1
165576,1
411896,0
339278,0
390572,1
336967,0
431923,0
293454,1
203945,1
169747,1
317925,0
151027,0
150647,1
485176,1
281331,0
229673,0
299048,1
441330,1
292587,0
133461,1
174024,0
368716,0
129266,0
457190,1
350464,0
493116,0
387935,1
493979,1
250874,1
451856,1
299835,1
420917,1
436682,1
413237,0
383864,0
269353,1
374178,1
189708,0
294036,0
291289,1
233636,1
380272,0
303025,1
288683,0
407422,1
241259,0
453664,1
424644,0
460955,1
337062,0
220060,1
248256,1
286832,1
225113,0
210053,1
265873,1
439659,1
449009,1
345836,1
251936,0
137955,1
301621,1
474851,0
242084,0
288335,0
461572,1
285113,0
276434,1
201303,1
260995,1
187639,1
430743,0
208075,1
268934,1
283104,0
291323,0
422957,1
494571,1
169479,1
158883,0
225682,1
347022,0
148720,0
321493,0
222176,1
142716,0
174451,1
308146,0
126910,1
223670,1
409267,0
415508,1
164671,1
206118,1
451034,1
290559,0
306507,1
218255,0
328375,0
410990,1
371375,0
126279,0
421087,0
479050,0
332712,1
280818,0
208228,0
331689,1
470151,0
364151,0
288386,1
177664,1
409633,1
124462,1
418047,0
486593,1
222105,1
477923,1
367846,1
218209,0
241051,1
171585,0
330741,0
243001,0
176454,0
220925,0
297392,1
143711,0
403828,0
372434,0
274262,0
473180,0
462441,0
449909,0
342757,0
397076,1
294886,1
131429,0
293069,1
244323,1
234385,0
219905,0
181208,1
327734,0
394550,1
275821,1
199813,1
478554,0
417302,0
163519,1
139889,0
261819,0
250104,1
223274,0
454899,1
316976,0
232224,1
496457,1
163167,1
185047,1
218522,1
126683,1
123846,1
343766,0
267927,1
427830,1
476253,0
286654,0
337653,1
435174,0
403000,0
295370,0
441212,0
292447,0
261164,1
151948,0
398775,0
319258,1
411599,1
194537,1
242869,1
411675,1
150332,0
272914,1
355818,1
434019,1
436037,1
367257,1
335606,0
476769,1
180963,1
199311,0
168165,1
466582,1
434596,1
443979,1
349050,0
428157,0
452586,0
396743,1
214508,1
242012,0
282486,1
173239,0
436045,1
170908,1
279988,1
270760,0
489155,0
240470,1
242340,1
282541,0
158178,1
177677,1
293155,1
461988,0
439729,1
171173,0
407907,0
199964,0
127198,0
468122,0
471128,0
269227,0
352103,0
149211,0
273098,0
186326,0
403115,1
191896,1
203705,0
439286,0
496936,1
449275,0
268110,0
358645,0
382346,0
239246,1
304418,1
264385,0
327430,0
241976,0
221387,1
347583,1
249850,0
360100,0
219824,1
234256,0
397996,1
354775,0
468992,0
211045,0
303555,0
319257,1
150192,1
403594,1
471273,0
369772,1
385114,1
331958,1
356916,0
430480,1
347986,0
253397,0
246871,0
345640,1
379413,1
218862,1
147785,0
242264,1
451790,1
295881,1
425426,1
207730,0
265491,1
345559,1
186252,1
434573,0
216997,1
229729,0
183979,1
258786,0
231781,1
431747,1
291061,0
191817,0
237690,1
147260,1
149996,0
463355,1
262355,1
487484,1
494337,1
269636,1
234227,0
316498,0
406297,1
376082,1
489892,1
368028,1
291160,0
306702,1
168329,0
208389,0
492827,0
413625,1
215578,0
135231,1
292835,0
317194,0
336421,0
438912,1
408946,0
465034,0
156059,0
407455,1
292630,1
179498,1
487643,0
337787,0
282389,1
259640,1
437119,1
432701,0
194183,0
148048,1
180876,1
318016,0
217586,1
200733,0
498957,0
322673,1
403879,0
367709,1
407328,0
155658,0
284216,1
369066,0
385539,1
274895,0
459057,1
425481,1
302123,1
201698,0
198412,0
362146,1
436152,1
423784,0
382580,1
130345,0
450338,1
402051,1
125571,1
318134,0
336434,1
178430,1
381195,0
310077,1
297627,0
188542,1
206782,1
400930,1
252107,1
450986,1
253368,1
264082,1
340639,1
247743,0
133086,0
257145,0
252269,1
381664,0
380678,0
430803,0
412099,1
484048,1
178845,0
461258,1
236128,1
291458,1
266485,0
475631,0
251890,1
189184,0
357238,1
418375,1
362882,1
364908,1
485851,1
186120,0
226568,0
448648,0
226853,1
291307,0
486741,0
168056,0
297975,1
230540,0
335164,1
352637,1
487964,0
380451,1
206639,1
342768,1
151085,0
194600,0
191412,1
204521,1
320955,0
205444,1
191424,1
452644,0
177199,0
359196,0
351715,0
453982,0
404031,0
425480,1
331678,1
313625,0
278101,0
154694,1
301852,1
207601,1
138102,1
370187,1
414519,0
439145,0
427316,0
129531,1
277783,0
359390,1
286215,0
279471,1
323037,0
161881,0
376223,1
408766,0
279656,1
457557,1
134487,1
290578,1
387960,0
192098,0
469307,0
124916,0
405995,0
416542,0
447157,0
354958,0
334568,1
129581,1
416948,0
128387,0
258704,1
179914,1
347724,1
138785,0
131766,1
225409,0
414300,0
268655,0
387501,0
318740,0
494132,1
419121,1
375326,0
498912,1
293266,0
394491,1
132394,1
192515,1
193897,0
337506,1
440264,0
349419,1
194728,1
363693,0
138729,0
127348,1
471572,0
313290,0
463926,0
232162,0
135367,1
441333,1
432493,1
315767,1
469977,1
250066,0
215928,0
395885,0
449756,0
444300,0
485849,1
259371,1
426092,1
499784,1
206554,0
357321,1
432000,0
314964,1
224995,1
370746,0
161720,0
199215,1
479014,0
462438,1
385624,1
382351,1
374928,1
171950,1
365922,0
354706,0
143221,0
269881,1
288105,0
126510,1
256933,0
327029,1
278039,0
135798,0
445116,0
267896,1
212450,0
190135,1
146071,1
249043,1
455497,1
272720,1
336922,0
220922,1
399543,1
208935,0
192183,0
344797,1
370984,1
189428,1
205611,0
257751,1
266247,1
153392,1
348250,1
434044,1
331498,1
448729,0
461281,0
166760,1
353794,0
162844,1
241579,1
201555,1
134562,0
158880,1
132416,1
234874,1
492119,0
138607,1
331936,0
309400,1
255403,1
203339,0
399955,0
462265,0
396567,0
400344,0
261931,1
244983,1
271295,1
483411,1
271372,1
374451,0
337947,0
403348,0
216208,1
230539,1
349428,1
175549,1
265589,1
218143,1
347696,1
161167,0
192940,0
334254,1
211831,0
246388,0
470380,0
382245,0
438279,0
167352,0
300296,0
251313,0
198465,0
457525,0
441012,0
355263,0
485074,0
174422,1
246656,0
345542,0
327314,1
369350,0
184681,0
268605,1
139424,0
392047,1
391606,1
189431,0
485211,1
473717,0
172448,0
124485,1
135098,1
295080,0
307298,1
493853,1
469209,1
213221,1
124048,0
153093,1
374762,0
421311,0
343684,0
307901,1
471414,0
423004,0
353757,0
201525,1
339472,1
352853,0
425678,1
320880,0
262088,1
458429,1
453016,1
237462,1
451513,1
140009,1
194273,1
304922,1
215652,1
212119,1
363466,0
337638,1
266515,1
326687,0
226780,1
262223,0
440757,1
354390,0
174758,1
332763,1
272500,0
123563,0
409008,1
449768,1
226879,1
319189,0
175717,1
211963,1
372485,1
349758,0
405073,1
433452,1
272519,0
163878,0
476261,1
429723,0
230258,1
351685,1
371321,0
135578,0
437235,0
347777,0
377311,0
434309,0
344764,0
222167,1
332243,0
299519,1
314551,1
395280,0
150944,0
267525,1
142195,1
313182,1
291207,1
264647,0
352219,1
373992,1
446682,0
150467,0
359518,0
497989,0
494612,1
390516,0
272846,0
384176,1
427448,1
491042,0
438077,0
267877,0
272992,0
199102,0
431363,0
497842,0
219680,0
271794,0
252270,0
258821,0
186729,0
486744,0
395081,1
286813,0
320724,0
402537,0
189363,1
323369,1
468764,0
273111,0
392237,1
374674,1
419906,0
402796,0
260855,1
223305,0
267223,0
413563,1
286933,0
185902,1
133805,0
331982,0
143890,0
384679,0
490384,1
497479,1
238855,1
375805,1
263564,0
467289,1
180765,1
266934,0
282490,1
400294,0
151212,0
427888,1
184715,0
462068,1
418342,0
364287,1
194393,0
308927,0
242415,0
350534,1
182983,0
236976,0
449477,1
142736,0
276252,0
250797,1
358631,0
460356,0
338388,1
205543,0
366284,1
412489,1
464332,0
143399,0
253359,0
388756,1
471040,0
221120,0
461596,1
497080,0
260673,0
276385,0
400894,0
141852,0
290664,1
233399,1
340068,1
442093,0
485655,0
375453,0
258654,0
277625,1
498172,0
132129,1
212705,1
298143,1
215696,0
362272,1
440840,1
314913,1
176869,0
165378,0
370939,1
289042,1
237114,1
205577,0
435780,0
479492,1
460465,0
479570,0
412002,1
222719,1
432176,0
156825,1
374142,0
436305,1
274387,0
250553,1
225678,1
499626,1
475067,0
229035,1
417662,0
408061,0
263479,1
401792,1
284674,1
183054,0
453934,0
451391,1
374827,1
257263,1
427918,1
442463,1
414812,0
132450,0
421024,1
320168,0
493145,0
380371,1
210426,1
228528,0
171435,1
438717,0
221972,1
409332,0
438529,0
241302,0
249605,1
312581,0
246165,1
488503,0
497195,1
478997,0
394119,0
213428,0
491063,1
224107,1
416165,1
151214,0
431548,1
135184,0
198913,0
228987,0
498694,1
338082,1
393895,1
320627,1
490957,1
339397,0
328233,1
308258,1
446041,0
323592,1
318062,0
470243,0
420027,0
199443,1
496080,0
333236,1
213697,0
474903,1
388069,0
356581,1
162251,0
356578,1
354375,1
322594,1
226891,1
288326,0
148707,1
128767,1
192533,0
456624,0
357689,0
357366,1
472186,1
305526,1
422473,1
346382,1
366374,0
323473,1
332357,1
176379,0
389319,1
461677,1
393454,0
429281,1
274362,0
482549,1
169508,0
184040,0
268014,0
156367,1
332172,1
232854,1
384236,1
235125,0
427293,0
189376,1
418253,0
238702,1
165993,1
144834,1
339121,0
358472,0
451149,0
435383,1
419142,1
389492,0
311214,0
365584,0
334213,1
467172,1
151750,1
332705,0
272731,1
291093,1
393991,0
238858,1
128241,0
130685,0
253741,1
476693,0
293513,0
395518,1
157297,0
166075,0
136909,1
164096,0
358166,1
466084,1
264120,1
378635,1
301254,1
297729,1
279784,0
354646,1
431459,0
487345,0
496178,0
256595,1
231379,0
260146,0
161319,0
422610,1
173358,0
447096,0
335133,1
352439,0
282769,0
245263,1
478934,1
364785,1
145805,1
493190,1
474667,1
407709,1
312952,1
301475,0
364798,1
222739,1
499335,0
193685,1
223893,0
378519,0
340454,1
387298,0
245478,1
309126,1
453848,0
336818,0
321307,1
331361,1
162681,1
384842,1
442354,1
290730,1
366018,0
220186,1
434410,1
167605,0
387875,0
283610,1
252599,1
378533,1
465540,1
261129,0
124894,0
456660,1
471007,0
288455,1
232038,1
373561,0
179651,1
198281,1
179661,1
418817,0
166456,1
376333,1
310065,0
279983,1
306317,1
269121,0
315910,1
380470,1
377026,1
219661,1
284779,1
477517,0
488652,1
376358,1
488715,0
493354,1
487746,0
486560,1
241677,1
371773,1
276573,1
214611,1
247708,1
289485,1
339896,0
475244,1
359736,1
134138,0
403061,0
192105,1
468502,1
247350,1
331119,1
427961,1
409091,0
139695,1
189490,1
378131,0
483702,0
290575,1
157280,0
158915,1
258870,0
485279,0
158113,1
301801,0
436982,0
282966,1
282340,1
435870,0
424525,0
291153,0
455776,0
432540,0
410069,0
465659,0
392159,0
489347,1
185365,1
136732,1
177281,0
411563,0
224657,1
324060,0
150284,0
274250,1
262641,1
306125,1
347872,0
377516,1
299149,0
430087,1
471874,1
446136,0
250349,1
356067,1
205518,0
172290,1
146234,0
432801,1
497153,0
198011,1
425174,0
219341,1
325839,1
285564,1
264272,0
355341,0
417125,0
181708,0
315184,1
149535,0
269798,0
499862,1
234104,1
299879,0
225966,1
447836,0
174547,0
443182,1
484954,1
138312,1
179338,1
374144,1
238360,0
373416,1
392632,0
449788,1
305085,0
155742,1
486461,0
153455,0
284031,1
364429,1
215344,1
314682,0
287212,1
289410,0
340938,1
389895,1
175239,0
256067,0
207174,1
314967,0
424313,0
193683,0
324638,0
294289,0
495798,0
189093,1
448572,1
132161,1
293023,1
315407,1
199185,1
437101,0
491391,1
490444,1
386843,1
166898,0
156054,0
351903,0
304432,1
273818,1
335922,1
321990,0
453144,0
268334,1
343101,0
498553,1
379366,1
293053,1
263123,1
497987,1
216156,0
274429,0
124167,0
418168,0
362175,1
275949,0
301822,1
358017,1
268258,0
226282,1
346956,0
291303,1
292764,1
170912,1
364530,0
166217,1
239502,0
240862,0
296843,1
249854,0
256929,0
382576,1
261507,0
231175,1
213790,0
281436,0
282246,0
151962,1
483094,1
268906,1
303654,0
481780,1
326147,1
311516,0
355373,0
141778,0
231535,1
456886,0
258464,0
208954,0
151119,1
481223,1
346895,0
282593,0
231118,0
265753,1
419386,1
366421,0
371893,1
357098,1
382483,0
395654,0
382380,1
167757,1
499570,1
427690,1
131681,1
219246,0
211711,0
342596,0
336483,1
416071,1
158753,0
315497,0
247292,1
497288,0
231907,1
125648,1
255001,0
146031,1
405969,0
425674,1
262520,1
473412,0
178708,0
430242,0
416283,0
295371,1
477912,1
408903,0
419773,0
227335,0
239009,0
212557,0
139558,1
465136,1
163767,0
485589,0
202986,1
438809,1
363293,0
182690,0
133908,0
283252,0
275879,0
411464,0
332315,1
313057,0
490020,1
394014,0
334771,1
490703,0
236547,1
422174,1
289944,0
170631,0
173912,1
229402,1
204569,0
127539,1
430628,0
199612,1
153889,0
313240,1
478121,0
303033,1
383609,1
398221,1
442059,1
200088,1
462411,0
128276,0
441045,0
355677,1
329357,0
484182,1
270587,0
262628,1
269963,0
132154,1
132052,0
455524,1
214459,1
137461,1
266233,0
464804,0
374057,0
301791,1
206140,0
286178,0
466668,0
461364,0
379657,1
392580,1
439662,1
454077,0
215001,1
483242,0
251908,0
409046,1
309119,1
194451,0
287980,0
165621,0
245664,0
205856,1
174685,0
368816,0
454870,1
124655,1
195374,1
170834,1
238052,0
460084,0
352854,1
326106,1
202466,1
332659,1
383987,0
282312,0
350008,0
443886,0
497588,1
241295,1
481604,1
188489,1
164611,0
263379,1
280099,0
359350,1
299487,0
434338,1
343932,0
332219,1
479666,0
433498,0
266367,0
230592,0
382648,0
405132,1
494602,1
213314,1
305527,0
296884,1
465011,1
254690,0
146861,1
175912,1
319883,1
268977,1
477468,1
162275,0
163511,0
223492,0
345219,1
486372,0
339691,1
192451,1
181224,0
147891,0
497912,0
467143,1
302750,1
499063,1
442671,0
298974,1
248056,0
138226,0
410834,0
304548,1
130778,1
424053,1
429440,0
219839,1
226329,1
309357,1
266667,1
462366,0
307390,1
272082,0
294638,0
441714,1
141490,1
152706,1
163726,1
419946,1
207529,0
244775,0
125246,0
345589,1
359926,0
453385,1
464851,1
461225,0
351600,0
203114,0
338575,1
149814,0
392983,1
260990,1
248978,0
336399,1
240956,0
257583,1
414040,0
164933,1
496996,0
467392,1
259187,1
224440,1
499508,0
475687,1
241260,1
358008,0
393493,0
359608,0
163895,0
218240,1
203496,0
392309,0
248474,1
237914,1
368552,0
206222,1
395810,1
244317,1
435642,0
465727,1
188775,1
421148,1
491515,0
212076,1
360430,1
131161,0
451198,1
193696,1
322678,1
379011,0
164410,0
369737,1
478115,0
344531,1
375053,1
133205,0
245542,0
461878,0
257809,0
348849,0
394763,0
399817,1
277200,0
196347,1
126990,1
217541,1
341504,0
415827,1
165669,1
182818,1
340724,1
186159,1
344901,1
457904,1
394022,1
496712,0
277592,0
411022,0
162031,1
146763,1
244736,0
314942,1
480321,1
279739,1
251709,1
392277,0
160795,0
362351,1
351485,0
166605,1
434106,1
384978,1
398418,0
263569,1
244003,0
440490,1
388207,1
226630,1
376430,1
289373,1
455155,1
359822,0
134410,0
161865,0
153861,0
359021,1
414858,1
349631,0
259645,1
490374,1
322988,0
300806,0
282264,0
286071,0
365296,0
440562,0
295957,1
431953,0
170162,1
328365,1
359367,1
158607,1
231068,0
286821,0
479712,0
264911,1
246170,0
268540,1
133564,1
264838,1
429653,0
178751,1
394344,0
208388,0
199482,0
355740,0
281943,0
318108,0
148949,1
177958,0
167493,0
249454,0
418947,0
282306,0
284392,1
428277,0
416724,1
353939,1
332819,1
425976,0
490187,1
200859,1
205595,0
471870,0
172147,1
149667,0
489514,1
128890,1
210435,1
237579,1
192425,0
442281,1
253740,0
446067,0
262918,0
221704,0
274966,1
483171,0
326074,1
440620,0
195072,0
479881,1
463033,0
421352,0
404427,1
421101,0
139849,1
258808,1
418902,1
421796,0
308923,1
318210,1
203672,1
164581,0
286550,0
198348,1
332355,1
471311,0
253058,1
334806,1
221038,0
162795,0
259488,1
304425,0
245208,1
261994,0
163956,0
490802,1
494597,1
243012,1
334812,0
317976,0
171690,0
450346,0
141070,0
201528,1
340994,1
252569,0
295014,0
358908,0
243133,0
348376,0
326049,1
322282,0
227469,1
208518,0
421982,0
491345,1
199324,1
415897,1
480051,1
330128,0
217866,0
499104,1
149444,1
244561,1
182465,0
242433,0
249773,0
218639,1
421512,1
201957,0
246306,0
437077,0
251418,0
325207,0
246478,0
203305,0
260904,1
476582,1
137200,1
391902,1
368269,1
228342,1
127838,0
317939,1
228604,1
257394,1
258301,1
264715,0
313676,0
477968,0
450025,0
466012,1
389596,0
258626,0
229794,0
141492,1
233939,0
346243,0
412087,0
202468,0
155795,1
348366,0
429800,1
152100,1
274083,1
142969,1
351169,0
237121,0
238817,0
405924,0
308969,1
188481,0
431002,0
156631,1
132926,0
271502,0
445588,0
201341,1
185687,1
346637,1
149459,1
431360,1
339452,1
466328,1
240037,1
232108,0
156114,0
244725,1
330899,1
224691,0
419330,1
468479,1
420835,0
264687,1
178616,0
305294,0
294728,0
273410,1
313160,0
252891,0
170999,0
382488,1
170226,0
358023,1
216499,1
393746,1
389530,0
160541,0
145757,0
443735,0
432632,1
241119,0
404309,0
369606,0
197851,1
225209,0
393647,0
335774,1
457822,0
142914,0
156363,0
437975,1
229476,1
260307,1
377863,0
225420,0
426114,0
158379,1
495819,0
210438,1
253273,0
397511,0
149683,1
260153,1
441103,1
440900,1
340113,0
244046,1
336357,0
446909,1
280146,0
385964,0
372679,0
407563,1
380576,0
485045,1
128040,1
463380,1
167581,1
161824,0
412586,0
245870,0
439077,1
130635,1
493941,0
473547,0
144995,0
224105,0
332034,0
459214,0
441029,1
438868,0
388279,1
331668,1
329997,1
314357,0
261048,1
477514,1
281541,1
468919,0
408045,1
368241,0
216349,1
489654,0
384578,0
455313,1
490263,0
251809,0
209396,1
417931,1
373763,0
231998,1
375615,0
161049,0
455255,0
492214,0
222430,1
259113,1
488203,1
479737,1
466246,0
146588,1
274665,0
379926,1
185707,0
366085,1
461137,0
207794,0
332174,0
282122,0
284360,0
138219,1
465052,0
238388,0
209461,1
237719,1
271248,1
404253,0
211297,1
292405,0
411379,1
195406,0
223415,0
436130,0
391874,1
425592,0
256523,1
210528,0
164054,1
174418,0
162356,0
484792,0
159357,0
294588,1
361690,0
349279,1
279230,0
385447,0
385515,1
469740,1
352169,0
321793,1
346255,0
175264,0
418952,0
485994,0
426635,1
467184,1
231659,1
303105,0
360872,0
418143,0
361257,0
180345,0
200990,0
394807,0
360574,1
361638,1
231331,0
442119,0
445970,0
452820,0
411050,1
414712,0
151648,1
472681,1
272492,0
469626,1
499988,0
297298,0
207403,0
406901,1
425425,0
200921,0
295436,0
489744,0
164082,0
183208,0
489525,1
342688,1
429114,1
228301,1
346726,0
336385,0
256077,0
285200,0
281674,1
124766,1
287571,1
424022,0
304082,1
405669,0
251662,1
209847,1
498771,0
140295,1
404021,0
467857,1
498910,1
493785,1
246708,1
353893,0
310526,1
415848,1
450491,1
219233,1
409591,0
369030,0
364140,1
166879,0
404315,1
144295,0
477306,0
323507,1
450752,1
212117,0
361540,0
203041,1
145540,0
284260,1
446296,0
407335,1
385270,0
469283,1
226219,1
173271,1
226208,1
401800,0
314576,1
291347,0
399910,0
281716,1
253630,0
234989,0
420106,1
312556,1
434812,0
386547,0
428075,1
367242,1
427578,1
177931,0
475396,0
142045,0
481281,0
323055,0
430063,0
272577,0
425400,0
128574,1
357540,0
178140,0
338081,0
345249,0
497426,0
148367,0
256337,0
170208,0
392192,0
125106,0
173266,0
129907,0
449790,1
490105,0
141334,0
156855,1
327093,1
324324,1
365433,0
236851,0
153114,1
348943,1
150611,0
166348,0
369454,1
247116,1
227779,1
204450,1
227568,1
460845,1
495458,0
393591,0
314338,0
372803,1
292194,0
380132,0
197583,1
222123,1
227170,1
483833,1
155176,1
135154,0
161075,0
453252,0
140631,1
409448,1
477842,1
334800,0
496252,1
393676,0
489446,0
331138,0
146112,0
405981,1
233929,1
412106,1
265749,0
125520,0
275361,0
222753,0
141408,1
151623,1
330432,1
234807,1
386909,1
416143,1
388226,1
447122,1
173599,1
207709,1
332670,1
278654,1
359978,0
163564,1
437515,1
156836,1
459215,0
277369,1
218410,0
453063,0
268936,1
421409,0
246312,1
179015,0
215477,1
493539,1
217535,0
154005,1
203501,1
345940,1
390811,1
277323,0
140713,1
432057,1
275130,0
497418,1
318438,1
244047,1
133524,0
214970,0
482508,0
375492,1
469949,1
303142,1
259590,0
320999,0
140871,1
311569,0
201192,1
470921,0
387949,1
223468,1
232063,0
199090,0
307886,0
366843,0
389053,0
340318,1
324172,1
244670,0
491503,1
269764,1
216696,0
159961,1
183194,0
299900,1
479933,1
167598,0
385818,0
417734,0
220320,1
125248,1
380208,0
468705,1
390866,0
194943,0
156961,0
185040,1
126738,0
478007,1
408856,0
272102,1
395859,1
130059,1
452253,0
443262,0
184288,0
355565,0
403008,0
401545,1
213370,0
474984,0
176828,0
359468,1
371878,0
314774,0
224761,0
197698,0
261688,1
253194,0
234780,0
477611,0
181011,1
328794,0
366471,0
330231,1
425823,1
359108,1
282861,0
229214,1
126126,0
405810,0
348329,0
250568,0
237393,0
451571,0
488302,0
440406,0
489434,1
221909,0
346597,1
219822,0
253690,0
124518,0
260337,0
135138,0
341797,1
338903,0
352425,1
306470,1
218049,0
449270,1
334009,0
346794,0
285222,0
337082,0
445446,0
165752,1
422429,0
168524,1
420764,1
164858,1
227142,1
250351,1
221782,0
185892,0
371338,0
145567,1
365812,0
154224,0
248130,0
285674,0
410481,0
329197,1
420351,1
301839,1
259274,0
253925,0
438429,1
358789,0
456850,1
291010,1
326023,1
135695,0
218966,1
425681,0
430913,0
244870,1
291962,0
385171,1
317792,0
215203,1
328886,0
173811,0
209361,0
236924,1
301560,0
245798,0
247391,0
445294,1
394610,0
490013,1
440609,1
250848,0
167422,1
493035,1
328635,0
468721,0
167720,1
431055,0
168707,1
188772,1
309531,1
291403,0
423539,1
159077,1
272539,0
242580,1
318861,0
463129,0
350387,1
184257,0
382707,1
374325,0
235221,0
379239,0
239768,0
222961,0
240997,1
157509,0
170806,1
248571,1
383663,0
274267,1
360711,1
240669,0
481651,0
207963,1
135047,0
318757,1
194384,0
250831,0
244947,0
438593,1
147061,0
137660,0
374532,1
285687,0
411135,1
469632,0
314611,1
240169,1
376633,1
445262,1
128361,1
298829,1
149637,1
204516,0
472678,1
366537,0
460263,0
499185,0
202524,1
210748,0
348706,1
458039,0
294725,1
386227,1
440602,1
259196,0
223661,0
245819,0
297657,1
223694,0
204045,1
166807,1
380346,0
157117,1
383678,0
401187,1
254371,1
414091,1
445943,1
192066,0
307780,1
276693,1
441502,1
450482,1
317123,1
496192,1
227345,0
249541,1
281808,1
437847,1
196839,0
196492,1
467748,0
482190,1
320995,0
156755,1
245740,0
161976,0
262533,1
482327,1
138989,1
218393,0
403351,1
128883,1
384414,0
161242,1
175035,1
270502,0
440932,0
318248,1
269088,1
224813,0
366789,0
145020,0
487932,1
280897,1
332993,0
158922,1
333233,0
287560,0
256234,0
330061,0
445989,1
405743,0
254159,0
281762,0
262309,1
497412,0
486484,1
408572,0
124261,0
349094,0
499396,0
233131,0
262326,0
390763,0
254309,1
323130,0
382881,0
206561,0
199929,1
314948,0
129471,0
335663,0
230441,1
444995,1
155192,0
311514,1
230809,0
459597,0
196887,1
155074,0
377396,1
204785,1
128598,0
487931,0
385931,1
276532,0
193068,1
275208,0
175604,0
123631,1
459293,0
370998,1
405939,1
368854,1
296634,1
204750,0
207454,0
493419,1
202622,1
464492,0
300336,1
383599,1
211862,1
336541,0
183479,0
126781,1
418648,1
401787,1
435403,1
173698,0
288020,0
327741,0
426767,1
345384,0
274823,0
307546,0
338192,1
496600,0
438647,1
256422,1
181075,1
352477,1
404328,1
148373,1
410943,0
245521,0
498679,1
244803,1
389435,0
311222,0
212020,1
141535,0
445465,0
334546,0
203864,1
238277,1
262560,1
474577,1
426352,0
232583,0
165066,0
481303,1
194178,1
276115,1
145478,1
203611,0
441750,1
190392,1
165653,0
378506,0
190757,1
411486,0
233361,1
290973,1
483958,1
307062,1
145083,0
478857,0
488243,1
301950,1
498634,0
261906,0
362434,0
221343,1
315420,1
446442,0
317601,1
483124,1
211411,1
407481,0
460186,1
470181,1
139933,0
144576,0
395857,1
132457,0
339686,1
348882,1
496452,0
482144,1
339390,0
444413,1
221199,1
264000,0
344310,1
377330,1
293680,1
282349,0
151665,1
182457,0
231724,0
339976,1
166500,1
397695,0
264947,1
498843,0
308515,1
239310,0
266619,0
300688,0
331096,1
357279,1
296141,0
147432,1
320640,1
356824,0
167526,1
244580,0
397410,1
238256,0
307301,0
178567,1
487905,0
492164,0
137426,1
454978,1
196341,1
379252,0
294340,1
160777,0
459698,0
284696,1
176915,0
170180,1
354194,1
343540,0
176307,1
188428,0
153967,0
214241,0
468506,1
159653,0
297203,0
314165,1
124909,1
223926,1
166160,0
440683,0
260917,0
485338,0
246140,0
400655,1
138428,0
379371,0
431503,1
361554,0
254401,1
249662,0
480406,1
386020,0
438419,0
189109,1
251379,0
489005,0
479996,1
306085,1
179858,1
226696,0
150810,0
267647,1
168634,1
329125,1
370736,0
450648,1
191216,0
234416,0
404245,1
440618,0
278879,0
205899,1
264550,0
390223,1
350236,0
470107,0
234442,1
473889,1
366099,0
281573,0
281861,1
246331,0
218853,0
305809,0
300566,0
414467,0
481833,1
250982,0
338204,0
225685,0
320146,1
385830,0
452319,1
142284,1
309104,0
454407,0
441098,1
152762,0
497575,1
348510,0
323035,1
250994,1
427638,0
411337,0
437399,1
216550,1
321931,0
320822,0
205231,1
231245,1
253945,1
400799,1
410108,1
408857,0
124136,1
427563,1
343837,1
370036,0
226759,0
305249,1
412672,1
400350,0
360507,1
485505,0
234238,0
423475,1
474696,0
485032,0
410472,0
264270,0
181348,1
209428,1
393303,1
222501,0
359349,0
364918,0
317248,0
415302,1
211679,1
139240,0
161227,1
157123,0
135504,0
413337,1
348154,1
411277,1
182473,1
475183,1
212994,1
162983,0
496666,1
329566,0
291756,0
330045,0
363428,0
216525,0
286556,0
358283,1
412139,1
161421,0
148914,0
291840,1
249485,0
326979,1
273337,0
255985,1
407784,1
343146,1
200412,0
411909,1
478329,1
333139,0
419431,1
240350,1
163803,0
400125,0
255281,1
157689,0
182932,0
284292,0
415732,0
380101,1
315474,1
411928,0
201302,0
211806,0
138186,1
395952,1
209968,0
301713,0
341116,0
305042,0
377097,0
387259,0
406308,1
226875,0
429603,1
362242,0
483498,1
258124,1
365640,1
236144,0
369938,1
194712,1
169137,1
447864,1
140774,1
452353,1
195261,1
322830,1
215689,0
434582,0
438713,0
179350,0
240574,0
448976,0
401042,1
316677,1
133946,0
346330,0
157307,0
305070,1
386968,1
213048,1
356676,0
338507,1
480472,1
309078,1
464528,0
336299,0
291076,0
124214,1
347011,1
487346,1
369990,1
397216,1
393584,1
413126,1
221691,1
267097,0
362361,0
462870,0
144228,0
134325,1
423606,1
255302,1
495695,0
328337,1
333722,1
371378,0
196769,0
460504,0
133609,0
431843,0
410252,0
437581,0
141594,1
134123,1
482298,1
336790,1
236241,1
211199,0
275522,0
394684,1
296703,0
320052,1
345298,0
319412,1
251639,1
387198,0
283532,1
291637,0
380316,1
354161,0
347335,0
451681,0
139243,0
169240,1
272621,0
471473,0
289835,1
245461,1
395030,0
179803,1
274263,1
491970,1
141271,1
298733,0
173694,1
498449,1
384162,1
424504,1
193491,0
220954,0
283509,1
333560,1
266864,0
332342,1
435276,1
300634,1
239483,0
482685,0
409156,1
446864,1
257757,1
450297,0
309303,0
145610,1
324824,1
313590,0
349854,0
457080,0
325441,0
441439,0
144235,1
265053,0
246740,0
349473,1
294418,0
253724,0
440418,0
172714,1
420875,0
434239,0
347997,0
200570,1
408892,0
479698,1
196109,0
147724,1
292130,1
379922,0
182607,1
239254,0
462814,0
331199,1
334460,0
339724,0
247834,0
271539,0
226934,1
435795,1
273789,1
143526,1
188654,0
432685,0
329763,1
465734,1
127580,0
242259,1
254548,1
398117,0
156186,0
447313,0
460217,0
394374,0
282626,1
215029,0
349786,0
422585,0
252845,0
226521,1
193511,1
124229,0
151191,1
189237,0
372327,0
411384,0
486086,1
192655,1
435554,1
470628,0
139220,0
391284,1
197374,1
296250,1
140600,0
431263,1
132275,0
190736,0
378465,1
195185,1
253290,0
420526,0
346240,0
388225,0
443872,1
345337,0
303339,0
137467,1
184375,0
381579,0
411303,1
340163,0
279608,1
200897,1
422552,0
322865,0
243525,0
463342,1
283503,1
374281,0
499918,0
148585,0
268169,0
271312,1
208932,1
419945,0
372212,1
128576,1
282425,1
215138,1
170848,0
138601,0
465499,1
329628,0
293529,1
201060,0
341183,1
449206,1
133456,1
487004,1
422618,0
490211,1
242773,0
439821,1
439644,0
475575,0
233935,0
421217,0
240448,1
454884,0
408667,1
220203,1
310218,1
465367,1
468713,0
221304,1
316792,0
381820,1
278916,1
167537,0
365578,0
383046,0
157600,1
132216,1
372457,0
434119,0
468310,1
256083,0
370852,0
235727,0
238368,0
377678,0
309720,0
446023,0
371750,1
398103,0
141804,0
209430,1
154809,1
397551,0
406661,1
164236,0
192702,1
290362,1
202349,0
278971,0
309600,1
325110,1
210738,0
378542,1
192835,0
134131,1
202276,0
296275,1
187380,1
365795,1
270649,0
395360,0
180362,0
472182,1
476569,1
420893,0
317590,1
271754,0
257537,1
488802,1
314265,0
280764,1
408438,0
400531,0
291275,0
357423,1
276068,1
397446,1
254795,0
374062,0
394165,1
359436,1
166407,1
317032,0
257921,0
343778,1
162192,1
357997,1
362344,0
297994,0
286031,1
270350,0
140796,1
123529,1
135691,0
395941,1
323976,0
403568,1
324668,1
205320,1
145225,1
151017,1
459622,1
269761,1
262793,0
466229,0
356376,0
200026,1
389683,1
198010,0
233157,0
419006,0
212431,1
194534,1
332430,1
346075,0
489977,1
252062,0
287783,0
338073,0
240567,1
181823,1
496940,1
163414,1
357485,0
369149,0
430289,1
421398,1
312912,1
296870,1
193628,1
387268,0
403332,1
446000,1
160825,0
467797,0
277918,0
315300,1
245758,0
224973,1
293376,0
139180,1
282932,0
158388,1
417963,0
249484,0
373071,0
282660,1
414401,0
486346,0
315902,1
288041,0
387060,1
485670,0
279817,1
178909,1
397493,0
138424,0
184904,0
216728,1
247479,1
214371,0
496534,0
179998,1
375082,0
374494,0
300513,0
488477,0
381080,1
133073,1
395965,1
210054,0
484658,1
352651,1
339593,0
236577,0
244901,1
254790,0
369229,0
345557,1
402068,0
378550,1
336096,0
139266,0
299632,0
394429,0
288436,1
389821,1
191011,1
187398,0
390270,0
383314,0
282668,0
331074,0
472655,0
464885,1
263657,1
138466,1
322471,1
486811,0
477830,1
355857,0
419675,1
228923,1
340816,1
484232,1
487743,1
469265,1
468514,1
455784,0
133859,1
159548,1
171875,0
267160,0
366073,1
427212,1
439462,0
460603,1
408788,0
434768,0
144141,1
162532,0
220273,1
329708,0
493665,0
256133,1
384377,0
299220,1
328673,0
201031,0
161193,0
217194,0
170684,0
301366,1
453400,1
181782,1
386669,0
319369,0
466417,1
149911,0
166930,0
404168,0
272436,0
176058,1
339292,0
486209,0
437650,1
355633,0
496217,0
335508,0
224635,1
124393,1
250039,1
148600,0
322905,1
427360,0
268960,1
198345,0
154818,0
442020,0
418023,0
362412,0
147930,0
244732,1
293717,1
141404,1
437411,0
285773,1
435694,0
393319,1
217029,1
357537,0
175247,1
133557,1
191652,0
237204,1
288699,0
171999,0
198711,0
233221,0
366956,0
430370,0
444007,1
123494,0
425225,0
179779,1
138707,1
136134,0
214890,0
404747,0
487256,0
464921,1
307012,0
351185,1
443431,1
443146,0
380428,0
211723,1
435691,0
152244,1
265695,1
141107,0
371382,1
420887,0
403207,0
464087,0
239419,1
187632,0
390396,1
308144,1
225639,1
235932,1
289790,1
153708,0
142675,1
154021,1
347786,1
465783,1
375339,0
457609,1
132116,0
363514,1
276872,0
394693,1
485063,1
346891,0
458859,1
161956,0
368923,1
410878,0
477017,1
227913,0
224350,0
416102,0
329356,0
375678,1
491880,0
161256,0
203682,0
398659,0
219663,0
488569,0
245005,1
493483,0
361402,0
250074,1
233897,0
405989,1
193017,1
242031,1
127623,0
342407,1
187656,0
347124,0
318369,0
306130,1
492913,1
317126,1
336028,1
385097,0
225289,1
496207,1
357797,0
149979,1
317441,1
205403,1
368404,1
485645,0
414278,1
309426,1
210376,0
408275,1
230701,1
386661,1
202983,0
306759,0
482886,0
328554,1
355455,0
288680,1
312686,0
337418,1
281621,0
362294,0
447607,0
355985,1
206779,1
198088,0
369282,0
132675,0
252393,0
320585,1
334341,0
162830,0
356114,1
329188,0
239338,0
457173,0
260634,0
138780,1
385226,1
145785,1
448906,0
265024,1
429360,0
440507,1
453866,0
397887,1
235644,0
491875,0
476107,0
405208,0
240573,1
373403,1
241940,0
494257,1
237981,0
366966,1
367772,1
305415,0
304411,1
237431,0
290513,1
152380,0
399691,1
275886,1
488752,1
303233,1
498005,1
429223,1
276571,1
199278,1
270000,1
221995,0
373005,0
428458,1
298700,1
457816,0
415276,1
335334,1
416230,0
413544,1
212835,0
349869,1
275708,1
401534,1
440413,1
381991,0
450606,0
253935,1
394569,1
307946,1
488981,0
136496,0
161757,0
218006,0
181183,0
394175,1
355011,1
471187,0
361297,1
305414,0
156358,1
292135,0
200305,1
438764,0
207206,0
236432,1
146644,1
190540,1
394082,0
389050,0
458365,0
354203,1
189124,1
391808,1
359514,1
419169,0
167851,0
436661,1
270113,0
385010,1
210992,1
211159,0
258678,1
227645,1
202072,1
416966,0
416133,1
337648,1
184048,0
310779,0
136781,1
275429,1
363926,1
432184,0
249442,0
291807,0
338980,1
131599,0
214099,1
464310,0
417778,0
271411,1
476527,0
180979,0
162541,0
323781,1
380844,1
217747,1
191162,1
467897,1
302804,0
124041,1
435827,0
468270,0
377890,1
254083,1
195005,1
146842,1
176325,1
320855,1
482344,0
219836,0
272543,1
435794,1
306657,1
190814,0
147427,0
127007,1
136437,0
364286,1
128438,1
407999,1
199429,0
499280,1
239176,0
474741,0
274897,0
173829,0
380652,0
312984,1
285833,1
458195,0
161110,0
329716,1
474110,0
448535,0
317472,0
162564,0
213853,0
423358,0
205639,1
374740,1
207812,1
356836,0
368667,1
160510,1
255464,1
368290,0
349710,0
472714,1
251879,0
189470,1
491356,0
375257,0
480748,1
191733,1
159670,1
414754,0
298431,1
379607,0
330924,1
397152,1
271568,0
438837,0
409294,0
166392,0
187847,1
173161,1
470938,1
379105,1
260972,0
306260,1
330148,0
128729,0
288280,0
371263,1
245830,0
293131,1
429227,1
342856,0
144234,1
328912,0
401422,0
434202,1
150599,0
410440,1
406524,0
137459,1
206112,0
395542,1
309598,1
295496,0
195634,1
434538,1
219088,1
344838,1
375907,1
418505,1
411077,0
435201,1
486660,0
494814,0
386398,1
387172,0
233412,1
470054,0
304614,0
305726,0
448871,1
370484,1
299688,1
288579,1
181766,0
199938,1
423164,1
319502,1
360967,1
226892,1
292841,1
451247,0
364247,0
151614,0
186332,0
225597,0
433613,1
459149,1
250577,0
437827,0
142374,0
202049,0
281452,1
401224,1
465063,0
148988,0
477885,1
459903,1
440124,1
439803,0
170240,1
376051,1
299531,0
224766,1
407855,1
405617,0
363842,1
287353,0
305222,1
210189,0
206896,0
258273,0
358586,0
158613,0
442845,0
401012,1
382529,1
484597,0
334388,0
295003,1
457013,1
406207,1
228926,1
304620,0
186111,0
432456,1
256447,0
209904,1
216162,1
316276,1
411521,0
248059,1
258070,0
307990,0
468189,1
167346,1
455733,1
128226,0
216061,0
354021,1
261536,0
273483,0
348016,0
131589,1
383033,0
152934,0
281226,0
274161,1
410902,1
296943,1
345107,0
228413,0
340668,0
225253,1
478361,1
499985,1
475188,1
173450,0
382003,0
243981,1
475773,0
306227,1
471017,0
350234,1
229327,1
268443,1
180573,1
389495,1
339736,0
152619,0
130255,0
199300,1
495900,0
275961,1
202355,1
164887,1
261782,1
274084,1
348570,0
435106,1
498548,1
234845,1
425894,1
143043,1
268956,1
476090,0
470045,0
374351,1
374745,0
428547,1
244306,0
411905,0
251706,1
473320,0
423238,1
406884,0
366409,1
389736,0
291540,1
251972,0
389274,0
181185,1
318907,1
426847,1
408521,0
266190,0
195789,1
434682,0
295538,0
280405,1
213769,0
241546,0
358259,0
261770,0
144432,1
180920,0
216594,0
397235,0
403832,1
465615,1
134806,0
265803,0
478573,1
364523,1
163566,0
278697,0
216824,1
462955,1
278702,1
411908,0
361613,0
257723,1
247268,0
395468,0
160716,1
160536,1
405506,0
202736,1
430132,1
362731,1
374432,1
399577,1
248913,0
123541,0
215673,1
266297,0
234782,0
441675,0
177766,1
266715,0
460039,0
462911,0
348862,0
155403,1
308216,1
360636,0
237510,1
416358,0
245165,1
339842,0
448880,1
482445,0
418632,0
360869,0
415134,1
387124,1
417655,0
152105,0
313342,0
374148,1
221657,0
191685,1
182729,1
147645,0
173325,0
157872,1
130069,1
499638,1
263531,1
292344,1
470988,1
378381,1
291456,0
294478,1
482570,0
433410,0
217833,1
292760,0
476279,0
126655,1
432459,0
153065,1
301290,0
467135,1
371631,1
273234,0
470578,1
237751,0
256270,1
201912,0
275352,1
332814,0
269620,1
407016,0
405771,1
131449,1
467178,1
228387,1
403173,1
403229,1
491870,1
298216,1
201122,0
395840,0
124198,1
221814,0
437573,1
176310,0
292783,0
204553,1
282793,1
127900,0
186047,1
168585,0
136794,0
206454,0
393100,0
386252,0
198406,0
449856,1
203028,1
226246,1
311473,0
192446,1
178476,0
144716,1
230498,1
140930,0
221017,0
481130,1
348062,1
368620,1
397077,1
419685,0
371817,0
240252,0
296982,1
482219,0
261648,0
405071,1
279696,1
331437,1
304502,0
407610,0
158893,0
143705,1
278299,1
360546,0
238420,1
437986,0
460548,0
296066,1
405688,1
265888,0
341398,0
241839,0
323689,1
313043,1
469710,1
190077,0
366090,1
382128,1
189486,1
368886,1
145728,0
295074,0
454221,0
455078,1
291374,1
298643,0
182427,0
258048,0
440134,1
497327,0
283724,1
446931,0
363201,1
382906,1
244162,1
322693,0
394479,1
200684,1
253202,0
312974,0
302306,0
223991,1
172073,0
230300,1
301255,0
456515,0
228308,0
125112,1
493933,1
413715,1
429637,0
176662,1
137614,0
472812,0
443319,1
348738,0
369444,0
204531,0
279360,1
165044,1
298521,0
208726,0
451759,0
344878,0
304473,1
227778,1
469951,1
354223,1
315543,0
356008,1
370508,1
180166,0
329783,0
299745,1
256174,0
167722,0
461462,1
442912,0
232627,0
225436,1
249609,0
371110,0
482619,1
484458,1
176926,1
189162,1
203766,1
162449,0
296842,1
355908,0
427846,1
369334,1
338145,1
483486,1
339666,1
213504,1
382261,0
255796,0
206531,0
248384,1
288140,1
193930,0
178313,1
294859,1
150366,1
471300,0
416022,1
286858,1
351623,0
437027,1
133142,0
418989,1
383091,1
227282,1
188733,1
407465,0
195632,0
374309,1
495809,0
165799,1
391077,0
468638,0
489874,1
305449,0
195497,1
126269,1
313492,0
480334,1
281400,1
475753,0
360049,1
458344,1
447998,0
204697,0
399459,0
342552,1
146114,0
268160,1
466813,0
142307,1
326785,0
426981,1
320717,1
150170,1
302353,1
418749,1
133117,0
443553,0
424502,0
176245,0
455716,1
497245,1
269409,0
276510,0
373672,0
381631,1
160061,1
347009,1
212999,1
393417,0
499190,0
148385,0
209438,1
298995,1
486052,0
126346,1
499177,0
210290,1
207626,1
328495,1
158395,0
431671,0
308714,0
477656,0
492649,1
166243,0
211233,0
161978,1
326121,1
205216,0
335239,1
454109,0
431126,1
253073,1
248729,0
223349,1
281474,0
492380,1
320410,1
326032,0
430059,1
330407,0
252922,0
338712,0
136625,1
259451,0
235082,0
197582,0
406924,1
315934,1
451636,1
192776,0
392652,1
498885,0
437003,0
132973,0
445622,1
443556,0
183133,0
461945,1
376384,1
455330,1
198757,0
291876,0
263248,1
435288,1
264840,0
276029,1
285970,1
361607,0
419305,1
235316,0
388475,1
476502,0
211747,1
232421,1
395387,1
307155,0
268854,1
403443,1
186116,1
366532,0
479779,0
161795,0
462984,1
168677,1
398657,1
321334,0
211391,1
213907,1
257901,0
427787,0
460530,0
350790,1
149415,0
178854,0
229277,0
416829,0
316825,0
162018,0
242215,1
323959,0
201711,1
457982,1
205305,0
458289,1
169814,0
215489,0
379396,0
283290,1
221991,1
156047,1
178823,1
220480,1
424409,1
263165,0
134551,1
167162,0
228195,1
400320,1
458666,1
405010,1
335056,0
258563,0
311628,0
407214,0
145836,1
207027,0
160553,0
259282,0
289159,0
443320,0
219641,0
333822,1
414966,0
213877,1
388767,0
174618,1
417315,0
463662,0
393331,0
436740,1
224292,0
301348,1
312248,1
140175,0
464290,1
213911,0
258615,1
420352,0
465482,1
277130,1
312230,0
322231,1
424283,1
165513,0
490681,1
198243,0
492551,1
496720,0
449103,1
387260,0
381637,1
403304,1
320336,1
464642,1
349164,1
471388,1
159701,0
302963,1
433034,0
402721,0
208085,0
421438,0
456629,1
438368,1
233308,0
254520,1
125272,1
124469,0
388365,1
476907,0
266833,1
443958,0
264280,0
415239,0
419347,1
344891,0
362962,1
209033,0
280398,0
129464,1
423454,1
439521,1
146838,0
240165,0
422812,0
437214,0
320280,0
482037,1
436919,0
451666,1
351181,1
268980,0
164071,1
437689,0
444658,1
162059,0
488234,0
462708,0
479683,1
437937,0
164583,1
316329,1
131088,0
298652,0
488440,1
194223,0
152748,1
425644,1
370153,0
463533,0
247589,1
148923,1
224866,0
219577,1
151157,0
321147,0
156244,0
124882,0
488208,0
188944,1
319033,0
184613,0
407316,0
214088,0
331819,0
367161,0
166723,0
203160,0
165128,0
301284,1
493640,0
264440,0
237289,0
328847,1
147486,0
450959,1
445605,1
399581,0
398496,1
179205,0
174538,1
345983,0
256252,1
440498,1
456331,1
244328,0
126479,0
369053,1
256205,0
474574,1
275921,1
263992,0
368123,0
310102,1
283457,1
445674,0
291755,1
242515,0
130939,1
248636,0
335921,0
419600,1
146632,0
184690,1
298501,0
148393,0
293244,1
366823,0
262024,0
292945,0
281099,1
373815,0
291995,1
310307,1
182610,0
463106,0
178204,0
296129,0
317401,1
394384,1
125959,1
450528,1
375632,1
350135,1
221009,0
462657,1
233559,1
354268,0
455407,0
182455,1
368966,1
154527,1
310878,1
383697,0
206215,0
442332,1
392076,1
468077,1
483299,1
473250,0
440122,1
419696,0
265146,0
285546,1
382189,1
374345,0
486074,1
176851,0
313114,1
373789,0
312386,1
157673,0
205381,1
495456,1
434001,1
387807,0
457335,1
293437,0
137959,1
406065,0
488912,0
412529,1
260349,1
125137,0
434611,1
290104,1
128633,1
387065,0
385663,1
357075,1
365886,0
179744,0
208473,0
269261,1
350757,0
343975,1
163725,1
229611,1
145401,0
195538,1
263506,0
359174,1
406292,0
263773,1
484327,1
455225,0
139587,0
222289,0
165714,1
213086,1
486537,1
478664,0
447173,1
479681,1
131890,0
128078,0
401640,1
496436,1
429442,0
393292,0
285733,0
364843,1
423087,1
429863,0
129186,1
475604,0
277155,1
356667,0
366394,1
376375,1
355083,1
458547,1
127479,0
134596,0
397904,0
245356,0
405648,1
217903,0
433666,0
438925,0
275018,1
495846,1
441948,1
280786,1
305633,0
384653,0
413919,1
163970,0
205852,0
254783,0
201489,1
274004,1
487422,1
396113,0
163333,1
378299,0
328777,1
145615,1
312389,0
376149,0
219359,1
435195,0
134829,1
155402,1
296600,0
458950,0
357749,1
406215,0
495698,0
246848,1
160122,0
268789,0
287210,0
449667,1
289447,1
152059,0
337244,1
344618,0
485198,1
427737,0
279986,1
237468,1
457697,0
453000,0
442803,1
281560,0
400114,0
492068,1
487529,0
231316,1
314309,0
354315,0
242482,0
435392,0
419638,1
134107,1
228762,0
379754,1
470123,1
211870,1
467587,1
328149,0
198519,0
134624,0
451224,0
438474,0
289274,0
214385,0
404715,0
123783,0
177919,0
435501,1
304991,0
423509,0
224500,0
259617,0
463558,1
445083,0
361792,1
448520,0
163854,0
295604,0
200476,1
256322,1
328282,1
362037,1
409961,0
386274,0
358392,1
219872,1
250639,0
489731,0
179856,0
236932,0
382120,1
495354,1
228623,0
212682,0
409047,0
404414,1
417416,0
226472,1
170254,0
492567,1
320549,1
281215,1
406696,0
144949,0
404033,0
434564,0
431803,0
302683,0
272907,1
345751,0
181931,1
397408,1
324429,1
492781,0
402896,1
142547,1
391543,0
219908,1
215827,0
456141,1
312049,0
432915,0
411250,0
242950,0
470863,1
290447,1
349288,1
345663,1
340537,1
287031,0
317092,0
272353,1
131953,0
486093,1
247285,0
197533,0
186135,0
389504,1
189272,1
139440,1
291857,0
480125,0
127138,0
428479,1
270869,1
340412,0
374402,1
221933,0
145466,1
126757,0
332103,0
169237,0
343621,1
435961,0
269630,0
424493,0
263342,1
284725,0
271081,0
128646,1
186274,1
221076,1
242147,0
186038,0
316945,0
318926,1
401327,1
421697,1
414634,0
247202,1
225334,0
130506,1
162397,0
469021,1
401279,1
131391,0
298898,1
330399,1
361249,1
165102,1
259785,0
453214,1
386552,0
318085,0
359237,0
276832,0
127705,0
216193,1
385077,0
312335,0
164157,0
441594,1
404409,1
459104,1
352233,0
403768,0
180694,0
486998,0
145842,1
470047,0
473348,1
488259,1
146512,1
291501,0
184815,0
292439,1
257381,1
494237,1
300192,0
233276,1
314012,1
158940,1
496503,0
290495,0
190412,0
187272,0
160647,0
493631,1
460948,1
317577,0
486362,0
385921,0
403582,0
353387,0
383391,1
489537,0
300048,1
146617,1
207773,0
377532,0
280119,0
464244,0
330450,1
300795,1
250370,1
160522,1
205183,1
496505,1
261451,0
352520,1
369253,1
274479,1
179407,1
335780,1
218031,1
153650,1
166873,1
190164,1
254440,0
458835,0
446983,1
302003,1
349596,0
221131,1
264994,1
321761,0
465932,0
400119,1
301396,0
438325,1
411266,0
452460,1
164884,1
144355,0
251686,0
338209,1
423154,0
408498,0
161874,1
447765,1
133932,1
321422,0
258943,1
131448,1
279893,0
413850,0
332281,1
457478,0
279666,1
443635,0
297056,0
249016,1
342692,1
214388,1
126701,0
425417,1
367331,1
397286,1
231435,0
400763,1
357913,1
259967,0
304347,1
339142,0
293916,0
151297,0
129035,0
240735,1
460962,0
294624,0
371659,1
311079,0
357624,1
302080,1
348949,1
179938,0
243472,0
274733,0
306519,0
487545,1
201100,1
459894,0
409756,1
234122,0
370931,0
442727,0
421462,0
156936,1
360154,1
130437,0
136961,0
324742,0
491245,1
246370,1
498295,0
375486,1
218902,0
162624,0
488842,1
344277,1
364676,1
141383,1
364629,0
340326,0
203733,0
446882,1
404976,0
370463,0
125230,0
168769,0
307094,0
284214,0
353088,0
253312,0
291150,0
444349,1
375010,0
182301,1
315255,0
181307,0
216858,0
332823,0
320405,0
151869,1
204323,0
140825,1
486037,0
188867,0
455580,1
400477,1
398683,0
241345,1
499736,0
279919,1
288782,1
318136,1
241797,0
312683,0
241210,0
194784,1
249271,1
216056,1
324402,0
272463,1
215491,0
320632,0
457183,1
472644,0
326918,1
436840,0
499083,0
284715,1
284055,0
237224,0
366880,1
452122,0
325930,1
223361,1
401495,0
202065,1
391541,1
219489,1
302714,1
164293,0
267389,0
484220,1
134189,0
293750,0
228652,1
319540,1
204637,1
339741,0
305437,0
277804,0
291800,0
379287,0
414873,0
173924,1
375426,1
323422,1
291221,1
376479,1
277357,1
142237,0
180262,1
307798,1
396410,1
301232,0
325577,1
162033,1
475014,1
186128,1
314567,1
144330,1
394854,0
128787,1
395496,1
246782,1
235680,0
431299,0
448539,0
328733,0
414076,1
323728,0
198077,1
246509,1
479462,1
284238,1
384012,1
159955,1
447594,0
207264,0
478317,0
278347,0
498240,0
296710,1
226309,1
252349,0
